title,url,snippet
Live | EVERLONG official website,https://everlong.ryzm.jp/live?category_id=2101,"18:30/19:00ADV ¥3,500 / 学割 ¥2,500 · LIVE2025/12/26 (Fri). EVERLONG 15th Anniversary ONEMAN LIVE 『CLASSIC』名古屋CLUB QUATTRO. 18:00/19:00ADV ¥3,900 / 学割 ¥ ..."
pachae presents『Trick or Trick』 vol.3 - Mellow Youth,https://mellowyouth.ryzm.jp/live/02742907-f340-4cad-acb1-bfc81c38bf10,"Nov 28, 2024 — 18:30 / 19:00; TICKET; ADV¥3,500+1D / 学割チケット¥2,800+1D ; ACT; pachae / Mellow Youth / Broken my toybox; プレイガイド. eplus · もどる. Mellow ..."
ミチ on Instagram: “撮影に向けて赤いネイルにしました🍒 夏 ...,https://www.pinterest.jp/pin/702209766882859795/,"Oct 4, 2019 — ... 学割U24クーポンは学生の方で24歳以下の方が使える ので、 ぜひ使ってみてください！ #PR #ホットペッパービューティー…” | 撮影, 学割, モデルフォト ..."
Eagle Bowl (2025) - All You Need to Know BEFORE ...,https://www.navitime.co.jp/link/reserve/click?url=https://www.tripadvisor.com/Attraction_Review-g1019642-d8837807-Reviews-Eagle_Bowl-Chiryu_Aichi_Prefecture_Tokai_Chubu.html&frm=,とても大きいボーリング場です. Mar 2016. 家族で旅行に行ったときに寄りました。 中学生以上の学生は 学割 が効いて安くできますが、小学生はなぜか 学割 が効かないで大人 ...
Musee Fukuoka Camera Museum (2025) - All You Need to ...,https://www.navitime.co.jp/link/reserve/click?url=https://www.tripadvisor.com/Attraction_Review-g311426-d4302069-m58484-Reviews-Musee_Fukuoka_Camera_Museum-Takaoka_Toyama_Prefecture_Hokuriku_Chubu.html#photos&frm=,入館料が安く、 学割 があるのがよかったです。 中はカメラの歴史を学べるコーナー、そして特別展の写真展があります。 私が行ったときは北陸新幹線の関係で、鉄道を題材 ...
[ENG Sub] Senpai! Can I Hypno-Sex You? [diamant],https://dlsite.jp/437fe7x,少年は一番風呂を済ませ、 そこで「 学割 マッサージ」を注文する。「オプション」付きの注文を確認した番台のお兄さんは意味深な視線と微笑みを浮かべ、 少年を ...
【50%OFF】This is the Advancement Club! [Helado voice],https://dlsite.jp/2he5dnp,少年は一番風呂を済ませ、 そこで「 学割 マッサージ」を注文する。「オプション」付きの注文を確認した番台のお兄さんは意味深な視線と微笑みを浮かべ、 少年を ...
割引乗車券（往復割引乗車券、学生割引乗車券）：JR東日本,https://www.jreast.co.jp/kippu/0701.html,JRのきっぷの種類・発売日・有効期間や、 学 割 ・団体割引をはじめとする割引料金、変更・払いもどしなど、きっぷに関するさまざまなご案内をしています。
割引乗車券（学生割引乗車券）｜JR東海,https://railway.jr-central.co.jp/ticket-rule/rule08.html,JRから指定を受けた中学・高校・大学・専修・各種学校の学生・生徒の方で、ご利用区間の片道の営業キロが101キロ以上ある場合、運賃が2割引になります（往復割引乗車券についても学生割引が適用になります）。 学生割引乗車券などをお求めの場合は、学校が発行する「学校学生生徒旅客 ...
学校学生生徒旅客運賃割引証 (学割証)について | JASSO,https://www.jasso.go.jp/gakusei/gakuwari/index.html,学校学生生徒旅客運賃割引証（ 学 割 証）の取扱いについては、旅客鉄道株式会社各社（JR各社）が定める「旅客営業規則」及び「学校及び救護施設指定取扱規則」の規定により行っていただくほか、以下の「取扱要領」に従い、適切な発行・管理をお願い ...
JR新幹線の学割を計算する｜割引料金シミュレーター | おトクトラベル,https://otoku-travel.jp/calculate-jr-shinkansen-student-discount,"Sep 5, 2025 · JR新幹線では、片道100km以上の移動に 学 割 （20%OFF）が適用されます。 学校の窓口・学生課への申請で発行される 学 割 証 出典：Wikimedia Commons 割引対象は乗車券のみです。"
学生割引のきっぷが購入できる条件や、必要な書類が知りたい。 – 西日...,https://faq-support.westjr.co.jp/hc/ja/articles/8879825278479-学生割引のきっぷが購入できる条件や-必要な書類が知りたい,あらかじめ学校で 学 割 証（学生・生徒旅客運賃割引証）の発行を受けてください。 ※JRから指定を受けた中学・高校・大学・専修・各種学校の学生・生徒の方が対象です。 学 割 証の発行が可能かどうか、ご自身が通学されている学校にご確認ください。
学割証が適用されるのは「乗車券」のみで、特急券やグリーン券には適...,https://www.cfa.go.jp/assets/contents/node/basic_page/field_ref_resources/ae3174d5-20e9-4cc9-929b-625d06747d03/67706f00/20230401_musashino_tsuushin-katei_22.pdf,学校学生生徒旅客運賃割引証(以下「 学 割 証」という)は、入所生が旅客鉄道株式会社( 以下「JR各社」という)を利用し、片道の営業キロが100キロメートルを超える区間を旅行する場合に、運賃が割引(大人普通旅客運賃の2割引)になるものです。
東京～新大阪の新幹線 学割料金 | JR線ご利用案内,https://jr-group.jp/gakuwari-tokyo-shinosaka/,"Apr 6, 2025 · 東京～新大阪間の新幹線の 学 割 料金（学生割引）のご案内です。 計算方法や、往復の価格もあわせてご案内します。"
横浜・八景島シーパラダイス 学生限定「シーパラ学割」 チケット ｜ 横浜DeNAベイスターズ 【横浜・八景島シーパラダイス】学生限定！コスパ最高なシーパラで思... 学生・社会人グループ向けキャンペーン一覧 ｜ VS PARK 横浜ワールド... 横浜・八景島シーパラダイス 学生限定「シーパラ学割」 ※中学生以上は学生証の提示必須13：00〜可＜直チケ＞6大特典付き！シ...,https://www.welcome.city.yokohama.jp/eventinfo/ev_detail.php?bid=yw12030,"横浜 ・八景島シーパラダイス 学生限定「シーパラ 学割 」の詳細情報をご紹介します。 横浜 DeNAベイスターズ公式サイトの チケット 情報です。 試合スケジュールや Dec 13, 2024 · 『 横浜 ・八景島シーパラダイス』では、2024年12月14日（土）～2025年3月31日 (月)までの期間限定で、学生の皆さまを対象としたお得なキャンペーン ... May 25, 2025 · 学生 ・社会人グループ向けキャンペーン一覧 ―― VS PARK 横浜 ワールドポーターズ店の最新情報はこちらをご確認ください。 横浜 ・八景島シーパラダイスでは、2024年12月14日 (土)から2025年3月31日 (月)まで、期間限定で学生を対象としたお得なキャンペーン「シーパラ 学割 」を開催します。 シーパラ 学割 アフター13 13：00以降から利用できる学生限定パス！ 4つの水族館（アクアミュージアム・ドルフィン ファンタジー・ふれあいラグーン・うみファーム）の入館券とアトラクションフリーパスがセットになっており、…"
【前売】シーパラ学割アフター 13｜横浜・八景島シーパラダイス - YOK...,https://www.seaparadise.co.jp/gakuwari2025/index.html,"Jul 8, 2025 · 「シーパラ 学割 アフター13」を購入いただいたお客さまには「クーポン券」をお渡しいたします。 ご利用店舗にて、クーポンを切り取った状態でスタッフまでお渡しください。"
【横浜・八景島シーパラダイス】学生限定！コスパ最高なシーパラで思...,https://prtimes.jp/main/html/rd/p/000000708.000011571.html,"Dec 13, 2024 · 『 横浜 ・八景島シーパラダイス』では、2024年12月14日（土）～2025年3月31日 (月)までの期間限定で、学生の皆さまを対象としたお得なキャンペーン ..."
学生・社会人グループ向けキャンペーン一覧 ｜ VS PARK 横浜ワールド...,https://bandainamco-am.co.jp/others/vspark/yokohama/cpn-young.html,"May 25, 2025 · 学生 ・社会人グループ向けキャンペーン一覧 ―― VS PARK 横浜 ワールドポーターズ店の最新情報はこちらをご確認ください。"
横浜・八景島シーパラダイス 学生限定「シーパラ学割」,https://pamatoco.city.yokohama.lg.jp/ctz/eventdetail/a0ZJ4000004hfc2MAA/ed000008831,横浜 ・八景島シーパラダイスでは、2024年12月14日 (土)から2025年3月31日 (月)まで、期間限定で学生を対象としたお得なキャンペーン「シーパラ 学割 」を開催します。
※中学生以上は学生証の提示必須13：00〜可＜直チケ＞6大特典付き！シ...,https://www.tour.ne.jp/j_optional/843558/,シーパラ 学割 アフター13 13：00以降から利用できる学生限定パス！ 4つの水族館（アクアミュージアム・ドルフィン ファンタジー・ふれあいラグーン・うみファーム）の入館券とアトラクションフリーパスがセットになっており、…
アクティビティを楽しめる遊べる 『学割（学生割引）プラン』 ホテル...,https://www.jtb.co.jp/kokunai-hotel/list/kanagawa/feature/activity-gakuwari/,神奈川県 のホテル・旅館・宿の予約は【JTB】で。 クーポンが使えるお得なホテル、こだわり条件検索でお手頃価格プランや記念日のお祝いプランまで、あなたにぴったりの旅行がきっと見つかります。
割引乗車券（往復割引乗車券、学生割引乗車券）：JR東日本,https://www.jreast.co.jp/kippu/0701.html,JRのきっぷの種類・発売日・有効期間や、 学 割 ・団体割引をはじめとする割引料金、変更・払いもどしなど、きっぷに関するさまざまなご案内をしています。
【前売】シーパラ学割アフター 13｜横浜・八景島シーパラダイス - YOK...,https://www.seaparadise.co.jp/gakuwari2025/index.html,"Jul 8, 2025 · 「シーパラ 学 割 アフター13」を購入いただいたお客さまには「クーポン券」をお渡しいたします。 ご利用店舗にて、クーポンを切り取った状態でスタッフまでお渡しください。"
【横浜・八景島シーパラダイス】学生限定！コスパ最高なシーパラで思...,https://prtimes.jp/main/html/rd/p/000000708.000011571.html,"Dec 13, 2024 · 「シーパラ 学 割 」で、学生の皆さまの思い出作りを応援いたします。"
学校学生生徒旅客運賃割引証の発行について,"https://www.edu.city.yokohama.lg.jp/school/jhs/kanagawa/index.cfm/1,3089,c,html/3089/20210618-200722.pdf","さて,JR等の旅客鉄道会社は生徒が長距離の旅行をする場合に割引普通乗車券を発売します。この割引普通乗車券の購入に際しては,学校において発行する学校学生生徒旅客運賃割引証(略して 学 割 証)が必要となります。 学 割 証は,旅行開始前のみ有効ですので ..."
