id,name,url,address,lat,lon,tags,description,image_url,price,student_text
1,éºµå±‹ã®ã‚ã—,http://ocean.colors-group.jp/archives/news/ã€ä¸­å­¦ç”Ÿãƒ»é«˜æ ¡ç”Ÿé™å®šã€‘å­¦ç”Ÿãƒ©ãƒ¼ãƒ¡ãƒ³æä¾›ï¼,ã€’101-0024æ±äº¬éƒ½åƒä»£ç”°åŒºç¥ç”°å’Œæ³‰ç”º2-8 é ˆæ°¸ãƒ“ãƒ« 1F,35.69874470,139.78013510,,,,,ä¿ºæ™´æ˜­
2,å¤§æ´‹ãƒœã‚¦ãƒ«,http://taiyo-group.net/bowling/charge.html,ã€’760-0055ã€€é¦™å·çœŒé«˜æ¾å¸‚è¦³å…‰é€š2-10-15,34.33566160,134.05790950,,,,,
14,å­¦ç´šå§”å“¡ å±±ç”°ãã‚“ æ¨ªæµœåº—,https://aisekinavi.jp/kanagawa/c66/a117/1169/,ç¥å¥ˆå·çœŒæ¨ªæµœå¸‚è¥¿åŒºå—å¹¸2-17-8 ãƒˆãƒ©ã‚¹ãƒˆãƒ“ãƒ«6F,35.46372550,139.61610400,,,,,
19,ã‚³ãƒŸãƒƒã‚¯ï¼†ã‚¤ãƒ³ã‚¿ãƒ¼ãƒãƒƒãƒˆã‚«ãƒ•ã‚§ ã‚¢ãƒ—ãƒ¬ã‚·ã‚ª,https://aprecio.co.jp/shop/nishikasai/news/11005,æ±äº¬éƒ½æ±Ÿæˆ¸å·åŒºè¥¿è‘›è¥¿6-7-1ãƒ¡ãƒˆãƒ­ã‚¢ãƒ¼ã‚±ãƒ¼ãƒ‰Aæ£Ÿ,35.66483420,139.85711780,,,,,
27,ä¸­é«˜å¤§å­¦ç”Ÿå‘ã‘ å¤ã®å‚¬ã—ç‰©ã®ã”æ¡ˆå†…,https://ch.kanagawa-museum.jp/news/10609,ã€’231-0006ç¥å¥ˆå·çœŒæ¨ªæµœå¸‚ä¸­åŒºå—ä»²é€š5-60,35.44911380,139.63629930,,,,,
24,ã‚«ãƒ©ã‚ªã‚± ãƒ“ãƒƒã‚°ã‚¨ã‚³ãƒ¼æ¨ªæµœãƒ—ãƒ©ã‚¶åº—,https://big-echo.jp/shop_info/ãƒ“ãƒƒã‚°ã‚¨ã‚³ãƒ¼æ¨ªæµœãƒ—ãƒ©ã‚¶åº—/,220-0005 ç¥å¥ˆå·çœŒ æ¨ªæµœå¸‚ è¥¿åŒºå—å¹¸2-9-17ã€€ACæ¨ªæµœãƒ“ãƒ«2ãƒ»3F,35.46446940,139.61907160,,,"https://big-echo.jp/wp-content/uploads/2025/09/line-3.png",,
34,CITY CIRCUIT,https://city-circuit.com/2024/04/student/,ã€’135-0064 æ±äº¬éƒ½æ±Ÿæ±åŒºé’æµ·1ä¸ç›®3-12,35.62473130,139.77899580,,,,,
35,SHINJUKU COPABOWL,https://copa-shinjuku.com/events/packprice/,ã€’160-0021ã€€æ±äº¬éƒ½æ–°å®¿åŒºæ­Œèˆä¼ç”º1-20-1HUMAXãƒ‘ãƒ“ãƒªã‚ªãƒ³æ–°å®¿æ­Œèˆä¼ç”º3ãƒ»4F,35.69598850,139.70149230,,,,,
39,ãƒ€ãƒ¼ãƒ„ã‚¹ã‚¿ã‚¸ã‚¢ãƒ æ± è¢‹åº—,https://darts-stadium.jp/archives/3763,æ±äº¬éƒ½è±Šå³¶åŒºè¥¿æ± è¢‹1-37-12 ãƒ­ã‚µä¼šé¤¨8F,35.73239360,139.70920860,,,,,
41,æ¨ªæ¿±å®¶ç³»ãƒ©ãƒ¼ãƒ¡ãƒ³ æµ·è€åå®¶,https://ebinaya.foodre.jp/,243-0432 ç¥å¥ˆå·çœŒ æµ·è€åå¸‚ ä¸­å¤®ï¼‘-ï¼”-ï¼‘ ãƒ“ãƒŠã‚¦ã‚©ãƒ¼ã‚¯ï¼–ç•ªé¤¨ï¼‘F,35.45147200,139.39197420,,,,,
57,æ¨ªæµœ/ã¿ãªã¨ã¿ã‚‰ã„ã®æµ·ã§ä»²é–“ã¨æµ·æ²¿ã„BBQï¼ˆãƒãƒ¼ãƒ™ã‚­ãƒ¥ãƒ¼ï¼‰ï¼,https://hemingway-yokohama.cafe/bbq/gakuwari/,ã€’220-0012 ç¥å¥ˆå·çœŒæ¨ªæµœå¸‚è¥¿åŒº ã¿ãªã¨ã¿ã‚‰ã„2-1-1 æ¨ªæµœæ¸¯ãƒœãƒ¼ãƒˆãƒ‘ãƒ¼ã‚¯,35.46007980,139.63245770,,,,,
86,ã¿ãªã¨ã¿ã‚‰ã„ã§æ¥½ã—ã‚€ï¼å­¦ç”Ÿé™å®š300å††OFFã®ä¸²æšã’é£Ÿã¹æ”¾é¡Œãƒ—ãƒ©ãƒ³,https://kanagawa.publishing.3rd-in.co.jp/article/784cb352-e8d8-11ef-b8ec-9ca3ba0a67df,ã€’231-0001 ç¥å¥ˆå·çœŒæ¨ªæµœå¸‚ä¸­åŒºæ–°æ¸¯ï¼’ä¸ç›®ï¼’âˆ’ï¼‘ æ¨ªæµœãƒ¯ãƒ¼ãƒ«ãƒ‰ãƒãƒ¼ã‚¿ãƒ¼ã‚º 5éš,35.45394040,139.63899250,,,,,
89,ã‚«ãƒ©ã‚ªã‚±ãƒãƒ³ãƒãƒ³,https://karaoke-shin.jp/,æ²–ç¸„çœŒé‚£è¦‡å¸‚ ã‚†ã„ãƒ¬ãƒ¼ãƒ«å¥¥æ­¦å±±å…¬åœ’,26.21304110,127.67854710,,,"https://karaoke-shin.jp/mt-assets/BanBanLogo-H.png",,
60,ã€å…¬å¼ã€‘ã‚«ãƒ©ã‚ªã‚±&ãƒ€ãƒ¼ãƒ„ ä¸€æ©‹å­¦åœ’åº—,https://hitotsubashi.karaoke-foryou.com/,æ±äº¬éƒ½å°å¹³å¸‚å­¦åœ’æ±ç”º1-4-39 å¹³å±±ãƒ“ãƒ«3F,35.72333010,139.48080760,,,,,
78,ãƒ€ãƒ¼ãƒ„ã‚·ãƒ§ãƒƒãƒ—RE+LUX,https://joypark-pv.com/2025/04/30/dartsshoprelux/,æ±äº¬éƒ½ç”ºç”°å¸‚åŸç”ºç”°5-5-7,35.54462810,139.45051280,,,,,
92,æ¥µãƒ©ãƒ¼ãƒ¡ãƒ³å®™,https://kiwamesora.com/student-price.html,ã€’865-0061 ç†Šæœ¬çœŒç‰åå¸‚ç«‹é¡˜å¯º314-1-1,32.93586870,130.55161940,,,,,
93,å­¦å‰²ã§æ¿€å®‰ï¼æ•´ä½“,https://koyagi.jp/chiropractic2/20200721135732/,ç¥å¥ˆå·çœŒç›¸æ¨¡åŸå¸‚ç·‘åŒºæ©‹æœ¬3-19-21 ãƒãƒ”ãƒ‹ã‚¹ãƒ»ãƒ©ã‚¤ãƒ•3-B,35.59583780,139.34722530,,,,,
94,å­¦ç”Ÿå¿…è¦‹ï¼ğŸ‘€ãƒ«ãƒŸãƒåŒ—åƒä½ã§ã€Œå­¦å‰²PASSã€ãŒã‚¹ã‚¿ãƒ¼ãƒˆï¼,https://kumin.news/adachi/articles/834466,ã€’120-0026 æ±äº¬éƒ½è¶³ç«‹åŒºåƒä½æ—­ç”ºï¼”ï¼’âˆ’ï¼’,35.75093930,139.80521410,,,,,
97,ãƒ‡ãƒƒã‚¯ã‚¹æ±äº¬ãƒ“ãƒ¼ãƒã§ä½¿ãˆã‚‹å­¦å‰²,https://l-tike.com/leisure/mevent/?mid=726198,ã€’135-0091 æ±äº¬éƒ½æ¸¯åŒºå°å ´ï¼‘ä¸ç›®ï¼–âˆ’ï¼‘ ãƒ‡ãƒƒã‚¯ã‚¹æ±äº¬ãƒ“ãƒ¼ãƒ 3Fï½5F,35.62921020,139.77591120,,,,,
99,å›½ç«‹ç§‘å­¦åšç‰©é¤¨,https://localplace.jp/t100120700/contents/,ã€’110-8718æ±äº¬éƒ½å°æ±åŒºä¸Šé‡å…¬åœ’7-20,35.71392520,139.77783380,,,,,
114,æ–°æ½Ÿç™ºç¥¥ãªãŠã˜ ä¸Šäº•è‰åº—,https://naoji.jp/shop/kamiigusa.html,ã€’167-0023 æ±äº¬éƒ½æ‰ä¸¦åŒºä¸Šäº•è‰3ä¸ç›®33-22-1éš,35.72490390,139.60294060,,,,,
118,ä¸²æšã’ãƒ»ä¸²å¤©ãƒ–ãƒƒãƒ•ã‚§ ãã—è‘‰ æ¨ªæµœãƒ¯ãƒ¼ãƒ«ãƒ‰ãƒãƒ¼ã‚¿ãƒ¼ã‚º,https://nilax.jp/store/51,ã€’231-0001 ç¥å¥ˆå·çœŒæ¨ªæµœå¸‚ä¸­åŒºæ–°æ¸¯ï¼’ä¸ç›®ï¼’âˆ’ï¼‘ æ¨ªæµœãƒ¯ãƒ¼ãƒ«ãƒ‰ãƒãƒ¼ã‚¿ãƒ¼ã‚º 5éš,35.4539404,139.6389925,,,,,
137,ã—ã‚ƒã¶ã—ã‚ƒã¶ã©ã‚“äº­ åŒ—ç ‚åº—,https://www.don-tei.jp/fmenu_list.html?fmenu_categ_id=77,ã€’136-0073 æ±äº¬éƒ½æ±Ÿæ±åŒºåŒ—ç ‚ï¼—ä¸ç›®ï¼‘âˆ’ï¼’ï¼•,35.67642730,139.83461320,,,,,
138,ã—ã‚ƒã¶ã—ã‚ƒã¶ç‰›å¤ª ã‚³ã‚³ãƒªã‚¢å¤šæ‘©ã‚»ãƒ³ã‚¿ãƒ¼åº—,https://akr2334585762.owst.jp/,ã€’206-0033 æ±äº¬éƒ½å¤šæ‘©å¸‚è½åˆï¼‘ä¸ç›®ï¼”ï¼–âˆ’ï¼‘ ã‚³ã‚³ãƒªã‚¢å¤šæ‘©ã‚»ãƒ³ã‚¿ ï¼–ï¼¦,35.62214770,139.42495820,,,,,
139,æ¨ªæµœè‹‘ ,https://g405456.gorp.jp/,ã€’220-0005 ç¥å¥ˆå·çœŒæ¨ªæµœå¸‚è¥¿åŒºå—å¹¸ï¼‘ä¸ç›®ï¼’âˆ’ï¼™,35.46747040,139.62269670,,,,,
149,ãƒ­ãƒ¼ã‚ºãƒ›ãƒ†ãƒ«æ¨ªæµœ,https://rosehotelyokohama.com/stay/plan/1930/,ã€’231-0023 ç¥å¥ˆå·çœŒæ¨ªæµœå¸‚ä¸­åŒºå±±ä¸‹ç”ºï¼—ï¼—,35.44408020,139.64682580,,,,,
151,æ¨ªæµœç¾è¡“é¤¨,https://yokohama.art.museum/,ã€’220-0012 ç¥å¥ˆå·çœŒæ¨ªæµœå¸‚è¥¿åŒºã¿ãªã¨ã¿ã‚‰ã„ï¼“ä¸ç›®ï¼”âˆ’ï¼‘,35.45705920,139.63057540,,,,,
164,æµ·é®®é£Ÿå ‚ã™ã¾å®¶,https://sumaterasu.com/news/250916/,ã€’654-0076 å…µåº«çœŒç¥æˆ¸å¸‚é ˆç£¨åŒºä¸€ã®è°·ç”ºï¼•ä¸ç›®,34.67501890,135.51635700,,,,,
165,ä½†é¦¬å±‹ å››æ¡æ²³åŸç”ºåº—,https://tajimaya-shijokawaramachi.manzo.club/student-discount-course/,ã€’600-8567 äº¬éƒ½åºœäº¬éƒ½å¸‚ä¸‹äº¬åŒºå››æ¡é€šæ²³åŸç”ºæ±å…¥çœŸç”ºï¼–ï¼˜ äº¬éƒ½ä½å‹ãƒ“ãƒ«ãƒ‡ã‚£ãƒ³ã‚° 7F,35.00376930,135.76895380,,,,,
170,æ±äº¬å›½ç«‹åšç‰©é¤¨,https://tnm-museum.world/jp/,ã€’110-8712ã€€æ±äº¬éƒ½å°æ±åŒºä¸Šé‡å…¬åœ’13-9,35.71890050,139.77634790,,,,,
185,1æ³Š1980å††ãƒ›ãƒ†ãƒ«Tokyo,https://www.1980stay.com/sp/post/post20.html,ã€’110-0004 æ±äº¬éƒ½å°æ±åŒºä¸‹è°·ï¼“ä¸ç›®ï¼‘ï¼âˆ’ï¼‘ï¼ SNå…¥è°·ãƒ“ãƒ«,35.72437550,139.78698190,,,,,
186,ã‚¢ãƒ‹ã‚¿ãƒƒãƒ ã¿ãªã¨ã¿ã‚‰ã„,https://www.anitouch.jp/,ã€’231-0001 ç¥å¥ˆå·çœŒæ¨ªæµœå¸‚ä¸­åŒºæ–°æ¸¯ï¼’ä¸ç›®ï¼’âˆ’ï¼‘,35.4539404,139.6389925,,,,,
189,BAPOS Hair Salon,https://www.bapos-hair.com/2-cnxo, ã€’167-0053 æ±äº¬éƒ½æ‰ä¸¦åŒºè¥¿è»å—ï¼“ä¸ç›®ï¼‘ï¼—âˆ’ï¼’,35.70373980,139.60254900,,,,,
192,DiCEæ¸‹è°·ã¡ã¨ã›ä¼šé¤¨åº—,https://www.diskcity.co.jp/topics/shop/shibuya/detail.php?nid=1849,ã€’150-0042 æ±äº¬éƒ½æ¸‹è°·åŒºå®‡ç”°å·ç”ºï¼‘ï¼“âˆ’ï¼˜ ã¡ã¨ã›ä¼šé¤¨ ï¼“éš,35.66114180,139.69855080,,,"https://www.diskcity.co.jp/wp/wp-content/themes/dice/assets/images/common/logo.png",,
193,SOGOç¾è¡“é¤¨,https://www.sogo-seibu.jp/common/museum/,ã€’220-8510 ç¥å¥ˆå·çœŒæ¨ªæµœå¸‚è¥¿åŒºé«˜å³¶ï¼’ä¸ç›®ï¼‘ï¼˜âˆ’ï¼‘,35.46548630,139.62495010,,,,,
194,æ–°æ±Ÿãƒå³¶æ°´æ—é¤¨,https://www.enosui.com/basicinfo.php,ã€’251-0035 ç¥å¥ˆå·çœŒè—¤æ²¢å¸‚ç‰‡ç€¬æµ·å²¸ï¼’ä¸ç›®ï¼‘ï¼™âˆ’ï¼‘,35.30967630,139.47989360,,,,,
195,ã¿ã‚‰ã„ç¾è¡“é¤¨,https://www.gltjp.com/ja/directory/item/13693/,ã€’220-0011 ç¥å¥ˆå·çœŒæ¨ªæµœå¸‚è¥¿åŒºé«˜å³¶ï¼‘ä¸ç›®ï¼’âˆ’ï¼‘ï¼•,35.46101500,139.62531420,,,,,
196,å¤©ç„¶æ¸©æ³‰å¹³å’Œå³¶,https://www.heiwajima-onsen.jp/topics/detail---id-95.html,ã€’143-0006 æ±äº¬éƒ½å¤§ç”°åŒºå¹³å’Œå³¶ï¼‘ä¸ç›®ï¼‘âˆ’ï¼‘,35.58550530,139.74029460,,,,,
200,ã‚³ãƒ­ãƒŠãƒœã‚¦ãƒ«,https://www.korona.co.jp/Bowling/Original/index.asp?Seq=573&SubSeq=1,ã€’256-0813 ç¥å¥ˆå·çœŒå°ç”°åŸå¸‚å‰å·ï¼’ï¼‘ï¼™âˆ’ï¼”,35.2786436,139.1940681,,,,,
201,ã¿ãªã¨ã¿ã‚‰ã„ã‚¢ã‚¤ã‚¯ãƒªãƒ‹ãƒƒã‚¯,https://www.minatomiraieye.jp/fee/disc1.html,ã€’220-6208 æ¨ªæµœå¸‚è¥¿åŒºã¿ãªã¨ã¿ã‚‰ã„2-3-5,35.4570522,139.6341836,,,,,
203,æ—¥æœ¬ä¸¸ãƒ¡ãƒ¢ãƒªã‚¢ãƒ«ãƒ‘ãƒ¼ã‚¯,https://www.nippon-maru.or.jp/userguide/,ã€’220-0012 ç¥å¥ˆå·çœŒæ¨ªæµœå¸‚è¥¿åŒºã¿ãªã¨ã¿ã‚‰ã„ï¼’ä¸ç›®ï¼‘âˆ’ï¼‘,35.4537547,139.6323186,,,,,
204,æ–°æ¨ªæµœãƒ©ãƒ¼ãƒ¡ãƒ³åšç‰©é¤¨,https://www.raumen.co.jp/guidance/,ã€’222-0033 ç¥å¥ˆå·çœŒæ¨ªæµœå¸‚æ¸¯åŒ—åŒºæ–°æ¨ªæµœï¼’ä¸ç›®ï¼‘ï¼”âˆ’ï¼’ï¼‘,35.5098154,139.6145306,,,,,
208,ã©ã‚“ã©ã‚“ã†ã©ã‚“,https://www.s-dondon.co.jp/discount-menu/,ã€’103-0015ã€€æ±äº¬éƒ½ä¸­å¤®åŒºæ—¥æœ¬æ©‹ç®±å´ç”º22-1,35.6815387,139.7864911,,,,,
209,ä¸‰æºªåœ’,https://www.sankeien.or.jp/faq/583/,ã€’231-0824 ç¥å¥ˆå·çœŒæ¨ªæµœå¸‚ä¸­åŒºæœ¬ç‰§ä¸‰ä¹‹è°·ï¼•ï¼˜âˆ’ï¼‘,35.4151414,139.6599732,,,,,
214,æ±äº¬ãƒ¡ãƒˆãƒ­ãƒãƒªã‚¿ãƒ³åº­åœ’ç¾è¡“é¤¨,https://www.teien-art-museum.ne.jp/visit/ticket/,ã€’108-0071 æ±äº¬éƒ½æ¸¯åŒºç™½é‡‘å°ï¼•ä¸ç›®ï¼’ï¼‘âˆ’ï¼™,35.6356768,139.7204015,,,,,
18,ã‚«ãƒ«ãƒ“å¤§å°†,https://antenna.jp/articles/28391925,ä½æ‰€å¤šæ•°,,,,,,,
4,æ‰‹ã—ãŠã”é£¯ç„,http://www.gen-nakano.jp/,ä½æ‰€å¤šæ•°,,,,,,,
113,è’™å¤ã‚¿ãƒ³ãƒ¡ãƒ³ä¸­æœ¬,https://nakamoto.tokyo/menu/å­¦ç”Ÿã‚»ãƒƒãƒˆ/,,,,,,,,
5,109cinemas,https://109cinemas.net/movil/prices.html,ä½æ‰€å¤šæ•°,,,,,https://109cinemas.net/images/common/logo_109cinemas.svg?20250110,,
7,ã€Œé­šæ²³å²¸ã«ãã‚Š æ¿±ä¸€è²«ã€é£Ÿã¹æ”¾é¡Œå°‚é–€åº—ã«ãƒªãƒ‹ãƒ¥ãƒ¼ã‚¢ãƒ«ï¼æ¨ªæµœãƒ™ã‚¤ã‚¯ã‚©ãƒ¼ã‚¿ãƒ¼ã®ã‚°ãƒ«ãƒ¡å¯¿å¸,https://1201.yokohama/hamaikkan-bay-quarter/,ç¥å¥ˆå·çœŒæ¨ªæµœå¸‚ç¥å¥ˆå·åŒºé‡‘æ¸¯ç”º1-10 æ¨ªæµœãƒ™ã‚¤ã‚¯ã‚©ãƒ¼ã‚¿ãƒ¼5éš,,,,,,,
121,ã—ã‚ƒã¶è‘‰,https://www.skylark.co.jp/syabuyo/gakusei/index.html,,,,,,https://www.skylark.co.jp/syabuyo/gakusei/images/img_gakuwari_1114_pc_02.jpg,,
206,ãƒ©ã‚¦ãƒ³ãƒ‰ãƒ¯ãƒ³-ã‚¹ãƒãƒƒãƒãƒ£,https://www.round1.co.jp/service/spo-cha/gakusei/index.html,,,,,,https://www.round1.co.jp/images/header/logo.png,,
207,ã‚¨ã‚¹ãƒ€ãƒ¼ãƒ„ æœ¬åº—,https://www.s-darts.com/html/page147.html,ã‚ªãƒ³ãƒ©ã‚¤ãƒ³,,,,,,,
162,ä¸²ã‚«ãƒ„ç”°ä¸­,https://stores.dengana.jp/detail/3811/sns/1192741/,,,,,,,,
8,å­¦ç”Ÿç„¡æ–™ã‚¦ã‚£ãƒ¼ã‚¯(ç¾è¡“é¤¨),https://6museums.tokyo/week.html,ä½æ‰€å¤šæ•°,,,,,,,
10,ã€ç„¼è‚‰ã®å’Œæ°‘ã€‘å¤§äººæ°—ã€Œå­¦å‰²ãƒ—ãƒ©ãƒ³ã€ã«ãƒ‡ã‚¶ãƒ¼ãƒˆ17ç¨®ãŒåŠ ã‚ã£ã¦ãƒ‘ãƒ¯ãƒ¼ã‚¢ãƒƒãƒ—ï¼90åˆ†é£Ÿã¹é£²ã¿æ”¾é¡Œã®â€œ,https://adv.tokyo-np.co.jp/prtimes/article30040/,ä½æ‰€å¤šæ•°,,,,,,,
187,ã‚«ãƒ«ãƒ“å¤§å°†,https://www.asahi.com/and/pressrelease/16030962,,,,,,,,
188,ãƒãƒªã‚¢ãƒ³,https://www.balian-gakuwari.com/,,,,,,,,
145,ã‚«ã‚¹ã‚¿ãƒã‚«ãƒ•ã‚§,https://rakutama.com/,,,,,,https://rakutama.com/image/bg/bg_yahoo.png,,
11,ã€ç‰©ä¾¡é«˜æ™‚ä»£ã®æ•‘ä¸–ä¸»!?ã€‘ä¸­ã¨ã‚ã€ã»ãŸã¦ã€ã„ãã‚‰ã€ãƒ©ãƒ¼ãƒ¡ãƒ³ã€ã‚±ãƒ¼ã‚­ã‚‚é£Ÿã¹æ”¾é¡Œ ã€Œã‹ã£ã±å¯¿å¸ã®é£Ÿã¹,https://adv.tokyo-np.co.jp/prtimes/article32869/,ä½æ‰€å¤šæ•°,,,,,,,
12,ã‚¿ã‚¤ãƒ ã‚º ã‚¹ãƒ‘ãƒ»ãƒ¬ã‚¹ã‚¿,https://adv.tokyo-np.co.jp/prtimes/article49979/,ä½æ‰€å¤šæ•°,,,,,,,
15,èµ¤ã‹ã‚‰å­¦ç”Ÿé™å®šã‚»ãƒƒãƒˆ ,https://akakara.jp/pages/gakuwari-shop,ä½æ‰€å¤šæ•°,,,,,,,
16,ç„¼è‚‰ãƒ¬ã‚¹ãƒˆãƒ©ãƒ³ å®‰æ¥½äº­,https://anrakutei.jp/topic/tabehoudai/,ä½æ‰€å¤šæ•°,,,,,,,
33,ã‚«ãƒ©ã‚ªã‚±BEAR,https://city-bear.com/room_service/service_tag17/,ä½æ‰€å¤šæ•°,,,,,,,
38,å­¦å‰²ã§æ¥½ã—ã‚ã‚‹ãƒ€ãƒ¼ãƒ„åº—èˆ—ä¸€è¦§,https://darts-b-garage.jp/shop/facilities/student_discount/,ä½æ‰€å¤šæ•°,,,,,,,
45,ç¤¾ä¼šäººå¤§å­¦ç”Ÿã§ã‚‚ä½¿ãˆã‚‹ï¼ã€Œå­¦å‰²ã€ã§æ¥½ã—ã‚€åšç‰©é¤¨,https://futabanwa.net/entry/2025/01/04/222333,ä½æ‰€å¤šæ•°,,,,,,,
76,ç™½éŠç©ºé–“,https://jiqoo.jp/shop/?m=free&free=å­¦å‰²&setLang=Array,ä½æ‰€å¤šæ•°,,,,,,,
79,æ±äº¬ï½æ–°å¤§é˜ªã®æ–°å¹¹ç·š å­¦å‰²æ–™é‡‘,https://jr-group.jp/gakuwari-tokyo-shinosaka/,ä½æ‰€å¤šæ•°,,,,,,,
81,æ±æµ·é“æ–°å¹¹ç·š,https://jr-shinkansen.net/articles/gakuwari-tokaido/,ä½æ‰€å¤šæ•°,,,,,,,
85,ç„¼è‚‰ãƒ©ã‚¤ã‚¯å­¦å‰²ã¯å¹´é½¢åˆ¶é™ãªã—ï¼ãƒˆãƒƒãƒ”ãƒ³ã‚°ç„¡æ–™ï¼†ã”é£¯ãŠã‹ã‚ã‚Šã‚‚,https://kanagawa-report.com/like-gakuwari/,ä½æ‰€å¤šæ•°,,,,,,,
90,ã‚«ãƒ©ã‚ªã‚±TOKI,https://karaoketoki.jp/,ä½æ‰€å¤šæ•°,,,,,,,
91,ã€ç¥å¥ˆå·ã€‘å‹•ç‰©åœ’ã€æ°´æ—é¤¨ã®å­¦å‰²,https://kids-zoo.info/kanagawa/,ä½æ‰€å¤šæ•°,,,,,,,
95,ä¸²ã‚«ãƒ„ç”°ä¸­,https://kushi-tanaka.co.jp/press/entry/2833,ä½æ‰€å¤šæ•°,,,,,,,
96,ãƒˆãƒ©ãƒ³ãƒãƒªãƒ³ãƒ‘ãƒ¼ã‚¯ TRANPON,https://kzkmkuyi.wixsite.com/trampon,ä½æ‰€å¤šæ•°,,,,,,,
115,ç„¼è‚‰ãƒ©ã‚¤ã‚¯,https://www.yakiniku-like.com/2025/09/12/shingakuwari2/,,,,,,,,
117,ç„¼è‚‰ã®å’Œæ°‘,https://yakiniku-watami.com/student-discount-eating/,,,,,,,,
216,ã˜ã‚…ã†ã˜ã‚…ã†ã‚«ãƒ«ãƒ“,https://www.tomato-a.co.jp/jyujyukarubi/tabehoudai/gakusei.html,,,,,,,,
217,æ±æ¨ªã‚¤ãƒ³,https://www.toyoko-inn.com/search/detail/00019/news/7A678/,,,,,,,,
218,JELLY JELLY CAFE æ¸‹è°·æœ¬åº—,https://jellyjellycafe.com/shibuya,ã€’150-0042 æ±äº¬éƒ½æ¸‹è°·åŒºå®‡ç”°å·ç”º10-2 æ–°æ±äº¬ãƒ“ãƒ«202,35.66272700,139.69716600,,,,,
219,JELLY JELLY CAFE æ± è¢‹2å·åº—,https://jellyjellycafe.com/ikebukuro2,ã€’171-0014 æ±äº¬éƒ½è±Šå³¶åŒºæ± è¢‹2-12-9 åºƒç€¬ãƒ“ãƒ«3F,35.73246100,139.70662700,,,,,
220,JELLY JELLY CAFE ç§‹è‘‰åŸåº—,https://jellyjellycafe.com/akihabara,ã€’101-0025 æ±äº¬éƒ½åƒä»£ç”°åŒºç¥ç”°ä½ä¹…é–“ç”º3ä¸ç›®37-23,35.69718800,139.77618300,,,,,
221,JELLY JELLY CAFE æ°´é“æ©‹åº—,https://jellyjellycafe.com/suidobashi,ã€’101-0061 æ±äº¬éƒ½åƒä»£ç”°åŒºç¥ç”°ä¸‰å´ç”º3ä¸ç›®7-13 ç”°ä¸­ãƒ“ãƒ«3éš,35.69840556,139.75695000,,,,,
222,JELLY JELLY CAFE æ–°å®¿å—å£åº—,https://jellyjellycafe.com/shinjuku,ã€’160-0023 æ±äº¬éƒ½æ–°å®¿åŒºè¥¿æ–°å®¿1-14-10 è¥¿æ–°å®¿ãƒ“ãƒ«4F,35.68895700,139.69832900,,,,,
223,JELLY JELLY CAFE æ–°å®¿æ­Œèˆä¼ç”ºåº—,https://jellyjellycafe.com/kabukicho,ã€’160-0021 æ±äº¬éƒ½æ–°å®¿åŒºæ­Œèˆä¼ç”º1-17-5 Jãƒ“ãƒ«4F,35.69497200,139.70231400,,,,,
224,JELLY JELLY CAFE é«˜ç”°é¦¬å ´åº—,https://jellyjellycafe.com/takadanobaba,ã€’169-0075 æ±äº¬éƒ½æ–°å®¿åŒºé«˜ç”°é¦¬å ´3-2-14 å¤©ç¿”é«˜ç”°é¦¬å ´ãƒ“ãƒ«3F,35.71237900,139.70342300,,,,,
225,JELLY JELLY CAFE ä¸­é‡åº—,https://jellyjellycafe.com/nakano,ã€’164-0001 æ±äº¬éƒ½ä¸­é‡åŒºä¸­é‡5-66-4 äº•å£ãƒ“ãƒ«2F,35.70862300,139.66599600,,,,,
226,JELLY JELLY CAFE åŒ—åƒä½åº—,https://jellyjellycafe.com/kitasenju,ã€’120-0034 æ±äº¬éƒ½è¶³ç«‹åŒºåƒä½2-61 ãƒ“ãƒƒã‚¯ãƒªãƒ¤åŒ—åƒä½è¥¿å£ãƒ“ãƒ«4F,35.74962700,139.80456300,,,,,
227,JELLY JELLY CAFE å‰ç¥¥å¯ºåº—,https://jellyjellycafe.com/kichijoji,ã€’180-0004 æ±äº¬éƒ½æ­¦è”µé‡å¸‚å‰ç¥¥å¯ºæœ¬ç”º1-10-9 å¯Œæ¾¤ãƒ“ãƒ«4F,35.70343000,139.57978400,,,,,
228,JELLY JELLY CAFE ç«‹å·åº—,https://jellyjellycafe.com/tachikawa,ã€’190-0023 æ±äº¬éƒ½ç«‹å·å¸‚æŸ´å´ç”º3-6-23 LXãƒ“ãƒ«6F,35.69785800,139.41315300,,,,,
229,JELLY JELLY CAFE æ¸‹è°·å®®ç›Šå‚åº—,https://jellyjellycafe.com/shibuya-miyamasuzaka,ã€’150-0002 æ±äº¬éƒ½æ¸‹è°·åŒºæ¸‹è°·1-12-24 707æ¸‹è°·ãƒ“ãƒ«4F,35.66080300,139.70339500,,,,,
230,JELLY JELLY CAFE æ± è¢‹åº—,https://jellyjellycafe.com/ikebukuro,ã€’171-0021 æ±äº¬éƒ½è±Šå³¶åŒºè¥¿æ± è¢‹3-29-9 ç¦åˆ©ãƒ“ãƒ«3F,35.72967300,139.70716200,,,,,
231,å¿«æ´»CLUB ç·´é¦¬ç¬¹ç›®é€šã‚Šåº—,https://www.navitime.co.jp/category/0104002007/13/,æ±äº¬éƒ½ç·´é¦¬åŒºå—ç”°ä¸­5-3-17,35.73368800,139.62221700,,,,,
232,å¿«æ´»CLUB ç¥ç”°é§…å—å£åº—,https://www.navitime.co.jp/category/0104002007/13/,æ±äº¬éƒ½åƒä»£ç”°åŒºé›å†¶ç”º2-1-2ç¥ç”°å—å£é‹­å…‰ãƒ“ãƒ«3-5F,35.69174200,139.77088100,,,,,
233,å¿«æ´»CLUB æ–°å®¿æ­Œèˆä¼ç”ºåº—,https://www.navitime.co.jp/category/0104002007/13/,æ±äº¬éƒ½æ–°å®¿åŒºæ­Œèˆä¼ç”º1-5-22-9F,35.69520800,139.70285600,,,,,
234,å¿«æ´»CLUB æµœæ¾ç”ºåº—,https://www.navitime.co.jp/category/0104002007/13/,æ±äº¬éƒ½æ¸¯åŒºæµœæ¾ç”º2-1-1,35.65546200,139.75710100,,,,,
235,å¿«æ´»CLUB èµ¤å‚è¦‹é™„é§…å‰åº—,https://www.navitime.co.jp/category/0104002007/13/,æ±äº¬éƒ½æ¸¯åŒºèµ¤å‚3-9-7 2Fãƒ»3F,35.67668200,139.73662300,,,,,
236,å¿«æ´»CLUB æ–°å®¿é§…è¥¿å£åº—,https://www.navitime.co.jp/category/0104002007/13/,æ±äº¬éƒ½æ–°å®¿åŒºè¥¿æ–°å®¿1-8-5 4F,35.68958100,139.69916200,,,,,
237,å¿«æ´»CLUB ä¸Šé‡åºƒå°è·¯åº—,https://www.navitime.co.jp/category/0104002007/13/,æ±äº¬éƒ½å°æ±åŒºä¸Šé‡1-20-10,35.70786400,139.77337700,,,,,
238,å¿«æ´»CLUB ä¸Šé‡å¾¡å¾’ç”ºåº—,https://www.navitime.co.jp/category/0104002007/13/,æ±äº¬éƒ½å°æ±åŒºä¸Šé‡4-2-6ä¸Šé‡è¥¿ç”°ãƒ“ãƒ«2F,35.70877800,139.77392100,,,,,
239,å¿«æ´»CLUB æ¸‹è°·ã‚»ãƒ³ã‚¿ãƒ¼è¡—åº—,https://www.navitime.co.jp/category/0104002007/13/,æ±äº¬éƒ½æ¸‹è°·åŒºå®‡ç”°å·ç”º24-10 2F-4F,35.66198500,139.69928400,,,,,
240,å¿«æ´»CLUB éŠ€åº§åº—,https://www.navitime.co.jp/category/0104002007/13/,æ±äº¬éƒ½ä¸­å¤®åŒºéŠ€åº§4-2-17,35.67186400,139.76493600,,,,,
241,å¿«æ´»CLUB æ± è¢‹æ±å£é§…å‰2å·åº—,https://www.navitime.co.jp/category/0104002007/13/,æ±äº¬éƒ½è±Šå³¶åŒºå—æ± è¢‹1-21-2ãƒ’ãƒ¥ãƒ¼ãƒãƒƒã‚¯ã‚¹ãƒ‘ãƒ“ãƒªã‚ªãƒ³å—æ± è¢‹7ãƒ»8F,35.72992800,139.71235100,,,,,
242,å¿«æ´»CLUB æ–°å®¿é§…æ±å£åº—,https://www.navitime.co.jp/category/0104002007/13/,æ±äº¬éƒ½æ–°å®¿åŒºæ–°å®¿3ä¸ç›®34-11ãƒ”ãƒ¼ã‚¹ãƒ“ãƒ«6,35.69195400,139.70354900,,,,,
243,å¿«æ´»CLUB æ–°å®¿é§…è¥¿å£2å·åº—,https://www.navitime.co.jp/category/0104002007/13/,æ±äº¬éƒ½æ–°å®¿åŒºè¥¿æ–°å®¿1-19-14è¥¿æ–°å®¿B&V 4-6F,35.68918900,139.69779000,,,,,
244,å¿«æ´»CLUB ä¸­ç›®é»’é§…å‰åº—,https://www.navitime.co.jp/category/0104002007/13/,æ±äº¬éƒ½ç›®é»’åŒºä¸Šç›®é»’3-7-6,35.64431400,139.69863200,,,,,
245,å¿«æ´»CLUB èµ¤å‚åº—,https://www.navitime.co.jp/category/0104002007/13/,æ±äº¬éƒ½æ¸¯åŒºèµ¤å‚2-14-33 èµ¤å‚ä¸‰ç”°ãƒ“ãƒ«6F,35.67349300,139.73755000,,,,,
246,å¿«æ´»CLUB æ± è¢‹ã‚µãƒ³ã‚·ãƒ£ã‚¤ãƒ³60é€šã‚Šåº—,https://www.navitime.co.jp/category/0104002007/13/?page=2,æ±äº¬éƒ½è±Šå³¶åŒºæ±æ± è¢‹1-29-1 ã‚µãƒ³ãƒˆãƒ­ãƒšãƒ“ãƒ«5F,35.72951600,139.71482000,,,,,
247,å¿«æ´»CLUB å‰ç¥¥å¯ºã‚µãƒ³ãƒ­ãƒ¼ãƒ‰åº—,https://www.navitime.co.jp/category/0104002007/13/?page=2,æ±äº¬éƒ½æ­¦è”µé‡å¸‚å‰ç¥¥å¯ºæœ¬ç”º1-11-30 ã‚µãƒ³ãƒ­ãƒ¼ãƒ‰ãƒ—ãƒ©ã‚¶ãƒ€ã‚¤ã‚¢ãƒ‘ãƒ¬ã‚¹3F,35.70420600,139.57963200,,,,,
248,å¿«æ´»CLUB èª¿å¸ƒå—å£åº—,https://www.navitime.co.jp/category/0104002007/13/?page=2,æ±äº¬éƒ½èª¿å¸ƒå¸‚å¸ƒç”°4-2-4 ã‚·ãƒ¼ã‚¨ãƒ•èª¿å¸ƒé§…å‰ãƒ“ãƒ«4F,35.65146900,139.54330700,,,,,
249,å¿«æ´»CLUB åºœä¸­åº—,https://www.navitime.co.jp/category/0104002007/13/?page=2,æ±äº¬éƒ½åºœä¸­å¸‚å®®è¥¿ç”º1-3-3 Bãƒ“ãƒ«6F,35.66984100,139.48070100,,,,,
250,å¿«æ´»CLUB è¥¿è‘›è¥¿é§…å‰åº—,https://www.navitime.co.jp/category/0104002007/13/?page=2,æ±äº¬éƒ½æ±Ÿæˆ¸å·åŒºè¥¿è‘›è¥¿3-15-12,35.66475600,139.85950300,,,,,
251,å¿«æ´»CLUB æ–°å°å²©é§…å‰åº—,https://www.navitime.co.jp/category/0104002007/13/?page=2,æ±äº¬éƒ½è‘›é£¾åŒºæ–°å°å²©1-43-6ã‚ªãƒªãƒ ãƒ”ã‚¢ãƒ“ãƒ«3Fãƒ»4F,35.71646000,139.85882900,,,,,
252,å¿«æ´»CLUB ä¸­é‡é§…åŒ—å£åº—,https://www.navitime.co.jp/category/0104002007/13/?page=2,æ±äº¬éƒ½ä¸­é‡åŒºä¸­é‡5-65-6,35.70792500,139.66593300,,,,,
253,å¿«æ´»CLUB è’²ç”°é§…è¥¿å£åº—,https://www.navitime.co.jp/category/0104002007/13/?page=2,æ±äº¬éƒ½å¤§ç”°åŒºè¥¿è’²ç”°7-66-5 ãƒŸãƒ¤ãƒ™ãƒ“ãƒ«2-4F,35.56295700,139.71605900,,,,,
254,å¿«æ´»CLUB æ­¦è”µå°å±±é§…å‰åº—,https://www.navitime.co.jp/category/0104002007/13/?page=2,æ±äº¬éƒ½å“å·åŒºå°å±±3-21-15 äº•é–€æ­¦è”µå°å±±ãƒ“ãƒ«B1F,35.62092300,139.70493200,,,,,
255,å¿«æ´»CLUB ç«‹å·é§…åŒ—å£åº—,https://www.navitime.co.jp/category/0104002007/13/?page=2,æ±äº¬éƒ½ç«‹å·å¸‚æ›™ç”º2-7-20 ã‚«ãƒ¡ãƒ¤ãƒ“ãƒ«3F,35.69931400,139.41384700,,,,,
256,å¿«æ´»CLUB åŒ—åƒä½é§…è¥¿å£åº—,https://www.navitime.co.jp/category/0104002/13/?page=2,æ±äº¬éƒ½è¶³ç«‹åŒºåƒä½2-54 åŒ—åƒä½ãƒãƒªã‚¦ãƒƒãƒ‰ãƒ“ãƒ«4ãƒ»5F,35.74964700,139.80456200,,,,,
257,å¿«æ´»CLUB æ±å¤§å’Œåº—,https://www.navitime.co.jp/category/0104002/13/?page=2,æ±äº¬éƒ½æ±å¤§å’Œå¸‚ç«‹é‡1-2-1,35.74501200,139.42583900,,,,,
258,å¿«æ´»CLUB å‰ç¥¥å¯ºåº—,https://www.navitime.co.jp/category/0104002/13/?page=2,æ±äº¬éƒ½æ­¦è”µé‡å¸‚å‰ç¥¥å¯ºæœ¬ç”º1-8-9 é«˜ç”°ãƒ“ãƒ«2ãƒ»3F,35.70401400,139.57874500,,,,,
259,ã‚«ãƒ©ã‚ªã‚±ã¾ã­ãã­ã“ æ¸‹è°·æœ¬åº—,https://japantravel.navitime.com/en/area/jp/spot/06112-660/,æ±äº¬éƒ½æ¸‹è°·åŒºé“ç„å‚2-29-5 æ¸‹è°·ãƒ—ãƒ©ã‚¤ãƒ 4F,35.65950000,139.69960000,,,"https://www.karaokemanekineko.jp/wp-content/themes/mnk/assets/images/common/appstore.png",,
260,ã‚«ãƒ©ã‚ªã‚±ã¾ã­ãã­ã“ æ¸‹è°·ã‚»ãƒ³ã‚¿ãƒ¼è¡—ANNEXåº—,https://japantravel.navitime.com/en/area/jp/spot/06112-940/,æ±äº¬éƒ½æ¸‹è°·åŒºå®‡ç”°å·ç”º32-8 HULIC&New UDAGAWA Building1-2F,35.66240000,139.69980000,,,"https://www.karaokemanekineko.jp/wp-content/themes/mnk/assets/images/common/appstore.png",,
261,ã‚«ãƒ©ã‚ªã‚±ã¾ã­ãã­ã“ æ–°å®¿æ±å—å£åº—,https://tabelog.com/tokyo/A1304/A130401/13301888/,æ±äº¬éƒ½æ–°å®¿åŒºæ–°å®¿3-35-18 æ–°å®¿æ±å—å£ãƒ“ãƒ«4Fãƒ»6F,35.69190000,139.70350000,,,"https://www.karaokemanekineko.jp/wp-content/themes/mnk/assets/images/common/appstore.png",,
262,ã‚«ãƒ©ã‚ªã‚±ã¾ã­ãã­ã“ æ–°å®¿é–å›½é€šã‚Šåº—,https://r.gnavi.co.jp/1cnjfhg40000/,æ±äº¬éƒ½æ–°å®¿åŒºæ­Œèˆä¼ç”º1-6-2,35.69490000,139.70300000,,,"https://www.karaokemanekineko.jp/wp-content/themes/mnk/assets/images/common/appstore.png",,
263,ã‚«ãƒ©ã‚ªã‚±ã¾ã­ãã­ã“ å…«é‡æ´²åº—,https://www.karaokemanekineko.jp/locations/tokyo/chuo-ku/yaesu-store/,æ±äº¬éƒ½ä¸­å¤®åŒºæ—¥æœ¬æ©‹2-3-18 æ±Ÿé–“å¿ ã•ãã‚‰ãƒ“ãƒ«6F,35.68140000,139.77070000,,,"https://www.karaokemanekineko.jp/wp-content/themes/mnk/assets/images/common/appstore.png",,
264,ã‚«ãƒ©ã‚ªã‚±ã¾ã­ãã­ã“ æ°´é“æ©‹åº—,https://www.jkba.or.jp/kamei/list/tokyo,æ±äº¬éƒ½åƒä»£ç”°åŒºç¥ç”°ä¸‰å´ç”º2-8-7 åº„ã‚„ç¬¬ä¸€ãƒ“ãƒ«3Fã€œ5F,35.69910000,139.75340000,,,"https://www.karaokemanekineko.jp/wp-content/themes/mnk/assets/images/common/appstore.png",,
265,ã‚«ãƒ©ã‚ªã‚±ã¾ã­ãã­ã“ æ°´é“æ©‹2å·åº—,https://www.jkba.or.jp/kamei/list/tokyo,æ±äº¬éƒ½åƒä»£ç”°åŒºç¥ç”°ä¸‰å´ç”º2-19-4,35.70020000,139.75360000,,,"https://www.karaokemanekineko.jp/wp-content/themes/mnk/assets/images/common/appstore.png",,
266,ã‚«ãƒ©ã‚ªã‚±ã¾ã­ãã­ã“ ç§‹è‘‰åŸæ˜­å’Œé€šã‚Šå£åº—,https://www.jkba.or.jp/kamei/list/tokyo,æ±äº¬éƒ½åƒä»£ç”°åŒºç¥ç”°ä½ä¹…é–“ç”º1-21,35.69890000,139.77550000,,,"https://www.karaokemanekineko.jp/wp-content/themes/mnk/assets/images/common/appstore.png",,
267,ã‚«ãƒ©ã‚ªã‚±ã¾ã­ãã­ã“ ç¥ç”°å°å·ç”ºåº—,https://www.jkba.or.jp/kamei/list/tokyo,æ±äº¬éƒ½åƒä»£ç”°åŒºç¥ç”°å°å·ç”º3-3 ç¥ä¿ç”ºãƒ“ãƒ«3Fãƒ»4F,35.69560000,139.75990000,,,"https://www.karaokemanekineko.jp/wp-content/themes/mnk/assets/images/common/appstore.png",,
268,ã‚«ãƒ©ã‚ªã‚±ã¾ã­ãã­ã“ ä¿è°·å—å£åº—,https://www.karaokemanekineko.jp/locations/tokyo/nerima-ku/hoya-minamiguchi-store/,æ±äº¬éƒ½ç·´é¦¬åŒºå—å¤§æ³‰3-31-22 ä¿è°·é§…å‰ãƒ“ãƒ«3F,35.74900000,139.56370000,,,"https://www.karaokemanekineko.jp/wp-content/themes/mnk/assets/images/common/appstore.png",,
269,ã‚«ãƒ©ã‚ªã‚±ã¾ã­ãã­ã“ é’æ¢…åƒã‚±ç€¬åº—,https://www.navitime.co.jp/category/0104001003/13/,æ±äº¬éƒ½é’æ¢…å¸‚åƒãƒ¶ç€¬ç”º4ä¸ç›®326-1,35.78730000,139.27570000,,,"https://www.karaokemanekineko.jp/wp-content/themes/mnk/assets/images/common/appstore.png",,
270,ã‚«ãƒ©ã‚ªã‚±ã¾ã­ãã­ã“ æ± è¢‹ã‚µãƒ³ã‚·ãƒ£ã‚¤ãƒ³é€šã‚Šåº—,https://japantravel.navitime.com/en/area/jp/spot/06112-634/,æ±äº¬éƒ½è±Šå³¶åŒºæ±æ± è¢‹1-29-1,35.72950000,139.71480000,,,"https://www.karaokemanekineko.jp/wp-content/themes/mnk/assets/images/common/appstore.png",,
271,ã‚«ãƒ©ã‚ªã‚±é¤¨ è¥¿æ–°å®¿åº—,https://www.navitime.co.jp/around/category/poi?address=13&category=0104001008,æ±äº¬éƒ½æ–°å®¿åŒºè¥¿æ–°å®¿1-19-14,35.68918900,139.69779000,,,"https://karaokekan.net/assets/img/common/bg_footer.jpg",,
272,ã‚«ãƒ©ã‚ªã‚±é¤¨ æ–°å®¿åº—,https://www.navitime.co.jp/around/category/poi?address=13&category=0104001008,æ±äº¬éƒ½æ–°å®¿åŒºè¥¿æ–°å®¿1-5-12,35.69087200,139.69891300,,,"https://karaokekan.net/assets/img/common/bg_footer.jpg",,
273,ã‚«ãƒ©ã‚ªã‚±é¤¨ æ–°å®¿å¤§ã‚¬ãƒ¼ãƒ‰åº—,https://www.navitime.co.jp/around/category/poi?address=13&category=0104001008,æ±äº¬éƒ½æ–°å®¿åŒºè¥¿æ–°å®¿7-1-7,35.69372100,139.69709000,,,"https://karaokekan.net/assets/img/common/bg_footer.jpg",,
274,ã‚«ãƒ©ã‚ªã‚±é¤¨ æ–°å®¿ä¸­å¤®å£åº—,https://www.navitime.co.jp/category/0104001008/13/?tags=100408,æ±äº¬éƒ½æ–°å®¿åŒºæ–°å®¿3-36-5,35.69183900,139.70347100,,,"https://karaokekan.net/assets/img/common/bg_footer.jpg",,
275,ã‚«ãƒ©ã‚ªã‚±é¤¨ æ–°å®¿æ±å£åº—,https://www.navitime.co.jp/around/category/poi?address=13&category=0104001008,æ±äº¬éƒ½æ–°å®¿åŒºæ–°å®¿3-26-14,35.69301500,139.70368100,,,"https://karaokekan.net/assets/img/common/bg_footer.jpg",,
276,ã‚«ãƒ©ã‚ªã‚±é¤¨ è¥¿æ­¦æ–°å®¿é§…å‰åº—,https://www.navitime.co.jp/around/category/poi?address=13&category=0104001008,æ±äº¬éƒ½æ–°å®¿åŒºæ­Œèˆä¼ç”º1-28-1,35.69483800,139.70090800,,,"https://karaokekan.net/assets/img/common/bg_footer.jpg",,
277,ã‚«ãƒ©ã‚ªã‚±é¤¨ æ­Œèˆä¼ç”ºæœ¬åº—,https://www.navitime.co.jp/poi?spot=06385-23,æ±äº¬éƒ½æ–°å®¿åŒºæ­Œèˆä¼ç”º1-17-10,35.69435600,139.70161500,,,"https://karaokekan.net/assets/img/common/bg_footer.jpg",,
278,ã‚«ãƒ©ã‚ªã‚±é¤¨ æ­Œèˆä¼ç”ºåº—,https://www.navitime.co.jp/poi?spot=02022-1339066,æ±äº¬éƒ½æ–°å®¿åŒºæ­Œèˆä¼ç”º1-22-7,35.69509100,139.70203000,,,"https://karaokekan.net/assets/img/common/bg_footer.jpg",,
279,ã‚«ãƒ©ã‚ªã‚±é¤¨ æ–°å®¿é–å›½é€šã‚Šåº—,https://www.navitime.co.jp/around/category/poi?address=13&category=0104001008,æ±äº¬éƒ½æ–°å®¿åŒºæ­Œèˆä¼ç”º1-5-7,35.69471300,139.70324400,,,"https://karaokekan.net/assets/img/common/bg_footer.jpg",,
280,ã‚«ãƒ©ã‚ªã‚±é¤¨ æ¸‹è°·æœ¬åº—,https://www.navitime.co.jp/category/0104001008/13/,æ±äº¬éƒ½æ¸‹è°·åŒºå®‡ç”°å·ç”º25-6,35.66212100,139.69944900,,,"https://karaokekan.net/assets/img/common/bg_footer.jpg",,
281,ã‚«ãƒ©ã‚ªã‚±é¤¨ éŠ€åº§ç·æœ¬åº—,https://www.navitime.co.jp/category/0104001008/13/,æ±äº¬éƒ½ä¸­å¤®åŒºéŠ€åº§4-2-17,35.67186400,139.76493600,,,"https://karaokekan.net/assets/img/common/bg_footer.jpg",,
282,ã‚«ãƒ©ã‚ªã‚±é¤¨ ç¥ç”°å°å·ç”ºåº—,https://www.navitime.co.jp/category/0104001008/13/?page=4,æ±äº¬éƒ½åƒä»£ç”°åŒºç¥ç”°å°å·ç”º3-8-9,35.69560100,139.75988100,,,"https://karaokekan.net/assets/img/common/bg_footer.jpg",,
283,ã‚«ãƒ©ã‚ªã‚±é¤¨ æ—¥æœ¬æ©‹åº—,https://www.navitime.co.jp/category/0104001008/13/?page=4,æ±äº¬éƒ½ä¸­å¤®åŒºæ—¥æœ¬æ©‹3-3-18,35.68191200,139.77320500,,,"https://karaokekan.net/assets/img/common/bg_footer.jpg",,
284,ã‚«ãƒ©ã‚ªã‚±é¤¨ å…«é‡æ´²åº—,https://www.navitime.co.jp/category/0104001008/13/?page=4,æ±äº¬éƒ½ä¸­å¤®åŒºæ—¥æœ¬æ©‹3-1-15,35.68151700,139.77238200,,,"https://karaokekan.net/assets/img/common/bg_footer.jpg",,
285,ã‚«ãƒ©ã‚ªã‚±é¤¨ åŒ—åƒä½é§…å‰åº—,https://www.navitime.co.jp/category/0104001008/13/?page=4,æ±äº¬éƒ½è¶³ç«‹åŒºåƒä½2-58,35.74958700,139.80459500,,,"https://karaokekan.net/assets/img/common/bg_footer.jpg",,
286,ã‚«ãƒ©ã‚ªã‚±é¤¨ æµ…è‰é›·é–€åº—,https://www.navitime.co.jp/category/0104001008/13/?page=4,æ±äº¬éƒ½å°æ±åŒºæµ…è‰1-3-5,35.71162200,139.79507600,,,"https://karaokekan.net/assets/img/common/bg_footer.jpg",,
287,ã‚«ãƒ©ã‚ªã‚±é¤¨ éŒ¦ç³¸ç”ºåº—,https://www.navitime.co.jp/category/0104001008/13/?tags=100408,æ±äº¬éƒ½å¢¨ç”°åŒºæ±Ÿæ±æ©‹3-12-8,35.69699100,139.81488100,,,"https://karaokekan.net/assets/img/common/bg_footer.jpg",,
288,ã‚«ãƒ©ã‚ªã‚±é¤¨ æµ…è‰å›½éš›é€šã‚Šåº—,https://www.navitime.co.jp/category/0104001008/13/?tags=100408,æ±äº¬éƒ½å°æ±åŒºæµ…è‰2-11-3,35.71448900,139.79258200,,,"https://karaokekan.net/assets/img/common/bg_footer.jpg",,
289,ã‚«ãƒ©ã‚ªã‚±é¤¨ æ–°æ©‹å¤–å €é€šã‚Šåº—,https://www.navitime.co.jp/category/0104001008/13/?page=3&tags=100408,æ±äº¬éƒ½æ¸¯åŒºæ–°æ©‹2-6-5,35.66579100,139.75841700,,,"https://karaokekan.net/assets/img/common/bg_footer.jpg",,
290,ã‚«ãƒ©ã‚ªã‚± ã‚³ãƒ¼ãƒˆãƒ»ãƒ€ã‚¸ãƒ¥ãƒ¼ãƒ« ç›®é»’æ±å£åº—,https://www.cotedazur.jp/branch/detail/10146.html,æ±äº¬éƒ½å“å·åŒºä¸Šå¤§å´2-27-1 ã‚µãƒ³ãƒ•ã‚§ãƒªã‚¹ã‚¿ç›®é»’6F,35.63412770,139.71487300,,,,,
291,ã‚«ãƒ©ã‚ªã‚± ã‚³ãƒ¼ãƒˆãƒ»ãƒ€ã‚¸ãƒ¥ãƒ¼ãƒ« å¤§äº•ç”ºæ±å£åº—,https://www.cotedazur.jp/branch/detail/10157.html,æ±äº¬éƒ½å“å·åŒºæ±å¤§äº•5-3-7 ãƒ—ãƒ©ã‚¶ãƒ¤ãƒ¯ã‚¿ãƒ¤4 5F,35.60739750,139.73579390,,,,,
292,ã‚«ãƒ©ã‚ªã‚± ã‚³ãƒ¼ãƒˆãƒ»ãƒ€ã‚¸ãƒ¥ãƒ¼ãƒ« å­¦èŠ¸å¤§å­¦è¥¿å£åº—,https://www.cotedazur.jp/branch/detail/10153.html,æ±äº¬éƒ½ç›®é»’åŒºé·¹ç•ª3-8-9 ç¬¬3ç¦ç”°ãƒ“ãƒ«B1-3F,35.62944630,139.68518060,,,,,
293,ã‚«ãƒ©ã‚ªã‚± ã‚³ãƒ¼ãƒˆãƒ»ãƒ€ã‚¸ãƒ¥ãƒ¼ãƒ« è‡ªç”±ãŒä¸˜åº—,https://www.cotedazur.jp/branch/detail/10150.html,æ±äº¬éƒ½ç›®é»’åŒºè‡ªç”±ãŒä¸˜2-10-8 ã‚¨ãƒŒã‚±ãƒ¼ãƒ“ãƒ«4F,35.60821440,139.66781610,,,,,
294,ã‚«ãƒ©ã‚ªã‚± ã‚³ãƒ¼ãƒˆãƒ»ãƒ€ã‚¸ãƒ¥ãƒ¼ãƒ« è’²ç”°é§…è¥¿å£åº—,https://www.cotedazur.jp/branch/detail/10143.html,æ±äº¬éƒ½å¤§ç”°åŒºè¥¿è’²ç”°7-3-3 ç¬¬ä¸€é†é†ãƒ“ãƒ«6F,35.56298810,139.71562520,,,,,
295,ã‚«ãƒ©ã‚ªã‚± ã‚³ãƒ¼ãƒˆãƒ»ãƒ€ã‚¸ãƒ¥ãƒ¼ãƒ« åƒæ­³çƒå±±åº—,https://www.cotedazur.jp/branch/detail/10249.html,æ±äº¬éƒ½ä¸–ç”°è°·åŒºå—çƒå±±4-12-7 ã‚¯ãƒ¬ã‚¢ãƒ“ãƒ«3F,35.66899580,139.60099240,,,,,
296,ã‚«ãƒ©ã‚ªã‚± ã‚³ãƒ¼ãƒˆãƒ»ãƒ€ã‚¸ãƒ¥ãƒ¼ãƒ« ä»™å·åº—,https://www.cotedazur.jp/branch/detail/10141.html,æ±äº¬éƒ½èª¿å¸ƒå¸‚ä»™å·ç”º1-15-1 å‚å£ä»™å·ãƒ“ãƒ«1F,35.66009370,139.58567940,,,,,
297,ã‚«ãƒ©ã‚ªã‚± ã‚³ãƒ¼ãƒˆãƒ»ãƒ€ã‚¸ãƒ¥ãƒ¼ãƒ« å¤šæ‘©ãƒ‹ãƒ¥ãƒ¼ã‚¿ã‚¦ãƒ³åº—,https://www.cotedazur.jp/branch/detail/10133.html,æ±äº¬éƒ½å¤šæ‘©å¸‚ä¹ç”°1028-1,35.63179750,139.43415400,,,,,
298,ã‚«ãƒ©ã‚ªã‚± ãƒ“ãƒƒã‚°ã‚¨ã‚³ãƒ¼ å…«é‡æ´²æœ¬åº—,https://big-echo.jp/shop_info/%E3%83%93%E3%83%83%E3%82%B0%E3%82%A8%E3%82%B3%E3%83%BC%E5%85%AB%E9%87%8D%E6%B4%B2%E6%9C%AC%E5%BA%97,æ±äº¬éƒ½ä¸­å¤®åŒºæ—¥æœ¬æ©‹3-2-17,35.6806322,139.7710289,,,"https://big-echo.jp/wp-content/uploads/2025/09/line-3.png",,
299,ã‚«ãƒ©ã‚ªã‚± ãƒ“ãƒƒã‚°ã‚¨ã‚³ãƒ¼ éŠ€åº§åº—,https://big-echo.jp/?p=5196,æ±äº¬éƒ½ä¸­å¤®åŒºéŠ€åº§4-2-14 DKéŠ€åº§ãƒ“ãƒ«,35.672615,139.7637482,,,"https://big-echo.jp/wp-content/uploads/2025/09/line-3.png",,
300,ã‚«ãƒ©ã‚ªã‚± ãƒ“ãƒƒã‚°ã‚¨ã‚³ãƒ¼ æ–°æ©‹éŠ€åº§å£é§…å‰åº—,https://big-echo.jp/?p=5209,æ±äº¬éƒ½æ¸¯åŒºæ–°æ©‹1-12-6 ãƒã‚¤ã‚¢ãƒŸæ–°æ©‹ãƒ“ãƒ«,35.6675351,139.7588073,,,"https://big-echo.jp/wp-content/uploads/2025/09/line-3.png",,
301,ã‚«ãƒ©ã‚ªã‚± ãƒ“ãƒƒã‚°ã‚¨ã‚³ãƒ¼ æœ‰æ¥½ç”ºåº—,https://big-echo.jp/?p=5201,æ±äº¬éƒ½åƒä»£ç”°åŒºæœ‰æ¥½ç”º1-6-5,35.6737998,139.7608427,,,"https://big-echo.jp/wp-content/uploads/2025/09/line-3.png",,
302,ã‚«ãƒ©ã‚ªã‚± ãƒ“ãƒƒã‚°ã‚¨ã‚³ãƒ¼ æ–°æœ‰æ¥½ç”ºåº—,https://big-echo.jp/?p=5310,æ±äº¬éƒ½åƒä»£ç”°åŒºæœ‰æ¥½ç”º2-3-5 auneæœ‰æ¥½ç”ºB2F,35.6732525,139.7615665,,,"https://big-echo.jp/wp-content/uploads/2025/09/line-3.png",,
303,ã‚«ãƒ©ã‚ªã‚± ãƒ“ãƒƒã‚°ã‚¨ã‚³ãƒ¼ æ–°å®¿æ±å£é§…å‰åº—,https://big-echo.jp/shop_info/%E3%83%93%E3%83%83%E3%82%B0%E3%82%A8%E3%82%B3%E3%83%BC%E6%96%B0%E5%AE%BF%E6%9D%B1%E5%8F%A3%E9%A7%85%E5%89%8D%E5%BA%97,æ±äº¬éƒ½æ–°å®¿åŒºæ–°å®¿3-26-2 æ–°å®¿ç¬¬äºŒãƒ“ãƒ«,35.6913643,139.7020603,,,"https://big-echo.jp/wp-content/uploads/2025/09/line-3.png",,
304,ã‚«ãƒ©ã‚ªã‚± ãƒ“ãƒƒã‚°ã‚¨ã‚³ãƒ¼ è¥¿æ–°å®¿åº—,https://big-echo.jp/shop_info/%E3%83%93%E3%83%83%E3%82%B0%E3%82%A8%E3%82%B3%E3%83%BC%E6%96%B0%E5%AE%BF%E8%A5%BF%E5%8F%A3%E5%BA%97,æ±äº¬éƒ½æ–°å®¿åŒºè¥¿æ–°å®¿1-4-1 ãƒ—ãƒªãƒ³ã‚¹ãƒ“ãƒ«,35.6929663,139.69904,,,"https://big-echo.jp/wp-content/uploads/2025/09/line-3.png",,
305,ã‚«ãƒ©ã‚ªã‚± ãƒ“ãƒƒã‚°ã‚¨ã‚³ãƒ¼ è¥¿æ–°å®¿ã‚»ãƒ³ã‚¿ãƒ¼åº—,https://big-echo.jp/shop_info/%E8%A5%BF%E6%96%B0%E5%AE%BF%E3%82%BB%E3%83%B3%E3%82%BF%E3%83%BC%E5%BA%97,æ±äº¬éƒ½æ–°å®¿åŒºè¥¿æ–°å®¿1-13-6,35.6894302,139.6966516,,,"https://big-echo.jp/wp-content/uploads/2025/09/line-3.png",,
306,ã‚«ãƒ©ã‚ªã‚± ãƒ“ãƒƒã‚°ã‚¨ã‚³ãƒ¼ æ¸‹è°·ã‚»ãƒ³ã‚¿ãƒ¼è¡—æœ¬åº—,https://big-echo.jp/shop_info/%E3%82%AB%E3%83%A9%E3%82%AA%E3%82%B1-%E3%83%93%E3%83%83%E3%82%B0%E3%82%A8%E3%82%B3%E3%83%BC%E6%B8%8B%E8%B0%B7%E3%82%BB%E3%83%B3%E3%82%BF%E3%83%BC%E8%A1%97%E6%9C%AC%E5%BA%97,æ±äº¬éƒ½æ¸‹è°·åŒºå®‡ç”°å·ç”º21-8,35.660018,139.7000243,,,"https://big-echo.jp/wp-content/uploads/2025/09/line-3.png",,
307,ã‚«ãƒ©ã‚ªã‚± ãƒ“ãƒƒã‚°ã‚¨ã‚³ãƒ¼ æ¸‹è°·å®®ç›Šå‚å£é§…å‰åº—,https://big-echo.jp/shop_info/%E3%83%93%E3%83%83%E3%82%B0%E3%82%A8%E3%82%B3%E3%83%BC%E6%B8%8B%E8%B0%B7%E5%AE%AE%E7%9B%8A%E5%9D%82%E5%8F%A3%E9%A7%85%E5%89%8D%E5%BA%97,æ±äº¬éƒ½æ¸‹è°·åŒºæ¸‹è°·1-24-12,35.6599847,139.701951,,,"https://big-echo.jp/wp-content/uploads/2025/09/line-3.png",,
308,ã‚«ãƒ©ã‚ªã‚± ãƒ“ãƒƒã‚°ã‚¨ã‚³ãƒ¼ æ¸‹è°·é“ç„å‚åº—,https://big-echo.jp/?p=17552,æ±äº¬éƒ½æ¸‹è°·åŒºé“ç„å‚2-6-11 æ¸‹è°·ãƒ—ãƒ©ã‚¶ãƒ“ãƒ«,35.6587769,139.6984934,,,"https://big-echo.jp/wp-content/uploads/2025/09/line-3.png",,
309,ã‚«ãƒ©ã‚ªã‚± ãƒ“ãƒƒã‚°ã‚¨ã‚³ãƒ¼ ä¸Šé‡é§…å‰åº—,https://big-echo.jp/shop_info/%E3%83%93%E3%83%83%E3%82%B0%E3%82%A8%E3%82%B3%E3%83%BC%E4%B8%8A%E9%87%8E%E9%A7%85%E5%89%8D%E5%BA%97,æ±äº¬éƒ½å°æ±åŒºä¸Šé‡4-10-6,35.710818,139.7742398,,,"https://big-echo.jp/wp-content/uploads/2025/09/line-3.png",,
310,ã‚«ãƒ©ã‚ªã‚± ãƒ“ãƒƒã‚°ã‚¨ã‚³ãƒ¼ ç§‹è‘‰åŸé§…å‰åº—,https://big-echo.jp/?p=24070,æ±äº¬éƒ½åƒä»£ç”°åŒºå¤–ç¥ç”°1-18-19,35.6988099,139.7718692,,,"https://big-echo.jp/wp-content/uploads/2025/09/line-3.png",,
311,ã‚«ãƒ©ã‚ªã‚± ãƒ“ãƒƒã‚°ã‚¨ã‚³ãƒ¼ æµ…è‰åº—,https://big-echo.jp/shop_info/%E3%83%93%E3%83%83%E3%82%B0%E3%82%A8%E3%82%B3%E3%83%BC%E6%B5%85%E8%8D%89%E5%BA%97,æ±äº¬éƒ½å°æ±åŒºæµ…è‰1-1-13,35.71153,139.7976187,,,"https://big-echo.jp/wp-content/uploads/2025/09/line-3.png",,
312,ã‚«ãƒ©ã‚ªã‚± ãƒ“ãƒƒã‚°ã‚¨ã‚³ãƒ¼ æµœæ¾ç”ºé§…å‰åº—,https://big-echo.jp/?p=5324,æ±äº¬éƒ½æ¸¯åŒºæµœæ¾ç”º1-29-11,35.6568645,139.7554639,,,"https://big-echo.jp/wp-content/uploads/2025/09/line-3.png",,
313,ã‚«ãƒ©ã‚ªã‚± ãƒ“ãƒƒã‚°ã‚¨ã‚³ãƒ¼ èµ¤å‚è¦‹é™„åº—,https://big-echo.jp/?p=5168,æ±äº¬éƒ½æ¸¯åŒºèµ¤å‚3-1-10,35.676637,139.736832,,,"https://big-echo.jp/wp-content/uploads/2025/09/line-3.png",,
314,ã‚«ãƒ©ã‚ªã‚± ãƒ“ãƒƒã‚°ã‚¨ã‚³ãƒ¼ é«˜ç”°é¦¬å ´é§…å‰åº—,https://big-echo.jp/?p=5239,æ±äº¬éƒ½æ–°å®¿åŒºé«˜ç”°é¦¬å ´4-7-5,35.7136018,139.7037221,,,"https://big-echo.jp/wp-content/uploads/2025/09/line-3.png",,
315,ã‚«ãƒ©ã‚ªã‚± ãƒ“ãƒƒã‚°ã‚¨ã‚³ãƒ¼ æ± è¢‹è¥¿å£é§…å‰åº—,https://big-echo.jp/?p=5274,æ±äº¬éƒ½è±Šå³¶åŒºè¥¿æ± è¢‹1-21-1,35.7317781,139.7092699,,,"https://big-echo.jp/wp-content/uploads/2025/09/line-3.png",,
316,ã‚«ãƒ©ã‚ªã‚± ãƒ“ãƒƒã‚°ã‚¨ã‚³ãƒ¼ å“å·æ¸¯å—å£é§…å‰åº—,https://big-echo.jp/shop_info/%E3%83%93%E3%83%83%E3%82%B0%E3%82%A8%E3%82%B3%E3%83%BC%E5%93%81%E5%B7%9D%E6%B8%AF%E5%8D%97%E5%8F%A3%E9%A7%85%E5%89%8D%E5%BA%97,æ±äº¬éƒ½æ¸¯åŒºæ¸¯å—2-6-9,35.628618,139.7423638,,,"https://big-echo.jp/wp-content/uploads/2025/09/line-3.png",,
317,ã‚«ãƒ©ã‚ªã‚± ãƒ“ãƒƒã‚°ã‚¨ã‚³ãƒ¼ å…«ä¸å €åº—,http://big-echo.jp/shop_info/%E3%83%93%E3%83%83%E3%82%B0%E3%82%A8%E3%82%B3%E3%83%BC%E5%85%AB%E4%B8%81%E5%A0%80%E5%BA%97/,æ±äº¬éƒ½ä¸­å¤®åŒºå…«ä¸å €4-9-5,35.6744706,139.7776503,,,"https://big-echo.jp/wp-content/uploads/2025/09/line-3.png",,
318,ã‚«ãƒ©ã‚ªã‚± ãƒ“ãƒƒã‚°ã‚¨ã‚³ãƒ¼ äººå½¢ç”ºåº—,https://big-echo.jp/shop_info/,æ±äº¬éƒ½ä¸­å¤®åŒºæ—¥æœ¬æ©‹äººå½¢ç”º3-7-13,35.6863879,139.7819914,,,"https://big-echo.jp/wp-content/uploads/2025/09/line-3.png",,
319,ã‚«ãƒ©ã‚ªã‚±é¤¨ æ–°å®¿åº—,https://karaokekan.jp/shop/detail/12,æ±äº¬éƒ½æ–°å®¿åŒºè¥¿æ–°å®¿1-5-12,35.6908720,139.6989130,,,"https://karaokekan.net/assets/img/common/bg_footer.jpg",,
320,ã‚«ãƒ©ã‚ªã‚±é¤¨ æ–°å®¿æ±å£åº—,https://karaokekan.jp/shop/detail/14,æ±äº¬éƒ½æ–°å®¿åŒºæ–°å®¿3-26-14,35.6930150,139.7036810,,,"https://karaokekan.net/assets/img/common/bg_footer.jpg",,
321,ã‚«ãƒ©ã‚ªã‚±é¤¨ æ–°å®¿ä¸­å¤®å£åº—,https://karaokekan.jp/shop/detail/18,æ±äº¬éƒ½æ–°å®¿åŒºæ–°å®¿3-36-5,35.6918390,139.7034710,,,"https://karaokekan.net/assets/img/common/bg_footer.jpg",,
322,ã‚«ãƒ©ã‚ªã‚±é¤¨ è¥¿æ–°å®¿åº—,https://karaokekan.jp/shop/detail/11,æ±äº¬éƒ½æ–°å®¿åŒºè¥¿æ–°å®¿1-19-14,35.6891890,139.6977900,,,"https://karaokekan.net/assets/img/common/bg_footer.jpg",,
323,ã‚«ãƒ©ã‚ªã‚±é¤¨ è¥¿æ­¦æ–°å®¿é§…å‰åº—,https://karaokekan.jp/shop/detail/33,æ±äº¬éƒ½æ–°å®¿åŒºæ­Œèˆä¼ç”º1-28-1,35.6948380,139.7009080,,,"https://karaokekan.net/assets/img/common/bg_footer.jpg",,
324,ã‚«ãƒ©ã‚ªã‚±é¤¨ æ­Œèˆä¼ç”ºæœ¬åº—,https://karaokekan.jp/shop/detail/35,æ±äº¬éƒ½æ–°å®¿åŒºæ­Œèˆä¼ç”º1-17-10,35.6943560,139.7016150,,,"https://karaokekan.net/assets/img/common/bg_footer.jpg",,
325,ã‚«ãƒ©ã‚ªã‚±é¤¨ æ¸‹è°·æœ¬åº—,https://karaokekan.jp/shop/detail/61,æ±äº¬éƒ½æ¸‹è°·åŒºå®‡ç”°å·ç”º25-6,35.6621210,139.6994490,,,"https://karaokekan.net/assets/img/common/bg_footer.jpg",,
326,ã‚«ãƒ©ã‚ªã‚±é¤¨ æ¸‹è°·é“ç„å‚åº—,https://karaokekan.jp/shop/detail/63,æ±äº¬éƒ½æ¸‹è°·åŒºé“ç„å‚2-6-16,35.6589860,139.6986730,,,"https://karaokekan.net/assets/img/common/bg_footer.jpg",,
327,ã‚«ãƒ©ã‚ªã‚±é¤¨ éŠ€åº§ç·æœ¬åº—,https://karaokekan.jp/shop/detail/51,æ±äº¬éƒ½ä¸­å¤®åŒºéŠ€åº§4-2-17,35.6718640,139.7649360,,,"https://karaokekan.net/assets/img/common/bg_footer.jpg",,
328,ã‚«ãƒ©ã‚ªã‚±é¤¨ æ–°æ©‹å¤–å €é€šã‚Šåº—,https://karaokekan.jp/shop/detail/55,æ±äº¬éƒ½æ¸¯åŒºæ–°æ©‹2-6-5,35.6657910,139.7584170,,,"https://karaokekan.net/assets/img/common/bg_footer.jpg",,
329,ã‚«ãƒ©ã‚ªã‚±é¤¨ ä¸Šé‡é§…å‰åº—,https://karaokekan.jp/shop/detail/71,æ±äº¬éƒ½å°æ±åŒºä¸Šé‡4-10-6,35.7108180,139.7742390,,,"https://karaokekan.net/assets/img/common/bg_footer.jpg",,
330,ã‚«ãƒ©ã‚ªã‚±é¤¨ æµ…è‰é›·é–€åº—,https://karaokekan.jp/shop/detail/74,æ±äº¬éƒ½å°æ±åŒºæµ…è‰1-3-5,35.7116220,139.7950760,,,"https://karaokekan.net/assets/img/common/bg_footer.jpg",,
331,ã‚«ãƒ©ã‚ªã‚±é¤¨ éŒ¦ç³¸ç”ºåº—,https://karaokekan.jp/shop/detail/80,æ±äº¬éƒ½å¢¨ç”°åŒºæ±Ÿæ±æ©‹3-12-8,35.6969910,139.8148810,,,"https://karaokekan.net/assets/img/common/bg_footer.jpg",,
332,ã‚«ãƒ©ã‚ªã‚±é¤¨ åŒ—åƒä½é§…å‰åº—,https://karaokekan.jp/shop/detail/84,æ±äº¬éƒ½è¶³ç«‹åŒºåƒä½2-58,35.7495870,139.8045950,,,"https://karaokekan.net/assets/img/common/bg_footer.jpg",,
333,ã‚«ãƒ©ã‚ªã‚±é¤¨ æ—¥æœ¬æ©‹åº—,https://karaokekan.jp/shop/detail/48,æ±äº¬éƒ½ä¸­å¤®åŒºæ—¥æœ¬æ©‹3-3-18,35.6819120,139.7732050,,,"https://karaokekan.net/assets/img/common/bg_footer.jpg",,
334,ã‚«ãƒ©ã‚ªã‚±é¤¨ å…«é‡æ´²åº—,https://karaokekan.jp/shop/detail/47,æ±äº¬éƒ½ä¸­å¤®åŒºæ—¥æœ¬æ©‹3-1-15,35.6815170,139.7723820,,,"https://karaokekan.net/assets/img/common/bg_footer.jpg",,
335,ã‚«ãƒ©ã‚ªã‚±ãƒ«ãƒ¼ãƒ æ­Œåºƒå ´ é«˜ç”°é¦¬å ´åº—,https://www.utahiro.com/store/storelist/store.php?sid=23,æ±äº¬éƒ½æ–°å®¿åŒºé«˜ç”°é¦¬å ´2-14-7 æ³‰å’Œãƒ“ãƒ«2éš,35.7134100,139.7036300,,,"https://www.utahiro.com/dcms_media/image/top_2026spring-spot_agepan_w420xh480.webp",,
336,ã‚«ãƒ©ã‚ªã‚±ãƒ«ãƒ¼ãƒ æ­Œåºƒå ´ ç«¹ã®å¡šåº—,https://www.utahiro.com/store/storelist/store.php?sid=51,æ±äº¬éƒ½è¶³ç«‹åŒºç«¹ã®å¡š1-40-5 NEZUç«¹ãƒå¡šãƒ“ãƒ«1éš,35.7954300,139.7908800,,,"https://www.utahiro.com/dcms_media/image/top_2026spring-spot_agepan_w420xh480.webp",,
337,ã‚«ãƒ©ã‚ªã‚±ãƒ«ãƒ¼ãƒ æ­Œåºƒå ´ ä¸¡å›½åº—,https://www.utahiro.com/store/storelist/store.php?sid=61,æ±äº¬éƒ½å¢¨ç”°åŒºä¸¡å›½3-26-5 ä¸¡å›½ãƒ“ãƒ«ãƒ‡ã‚£ãƒ³ã‚°5éš,35.6969300,139.7924600,,,"https://www.utahiro.com/dcms_media/image/top_2026spring-spot_agepan_w420xh480.webp",,
338,ã‚«ãƒ©ã‚ªã‚±ãƒ«ãƒ¼ãƒ æ­Œåºƒå ´ è‘›è¥¿åº—,https://www.utahiro.com/store/storelist/store.php?sid=62,æ±äº¬éƒ½æ±Ÿæˆ¸å·åŒºä¸­è‘›è¥¿3-37-18 ç¬ˆå·ãƒ“ãƒ«5éš,35.6642600,139.8724300,,,"https://www.utahiro.com/dcms_media/image/top_2026spring-spot_agepan_w420xh480.webp",,
339,ã‚«ãƒ©ã‚ªã‚±ãƒ«ãƒ¼ãƒ æ­Œåºƒå ´ æ¸‹è°·å®®ç›Šå‚åº—,https://www.utahiro.com/store/storelist/store.php?sid=19,æ±äº¬éƒ½æ¸‹è°·åŒºæ¸‹è°·2-19-17 ç¬¬106æ±äº¬ãƒ“ãƒ«6éš,35.6599500,139.7031400,,,"https://www.utahiro.com/dcms_media/image/top_2026spring-spot_agepan_w420xh480.webp",,
340,ã‚«ãƒ©ã‚ªã‚±ãƒ«ãƒ¼ãƒ æ­Œåºƒå ´ èµ¤ç¾½åº—,https://www.utahiro.com/store/storelist/store.php?sid=55,æ±äº¬éƒ½åŒ—åŒºèµ¤ç¾½1-19-2 ã‚µãƒ³ãƒ¨ãƒ¼ç¬¬2ãƒ“ãƒ«3éš,35.7772800,139.7212000,,,"https://www.utahiro.com/dcms_media/image/top_2026spring-spot_agepan_w420xh480.webp",,
341,ã‚«ãƒ©ã‚ªã‚±ãƒ«ãƒ¼ãƒ æ­Œåºƒå ´ æ± å°»å¤§æ©‹åº—,https://www.utahiro.com/store/storelist/store.php?sid=34,æ±äº¬éƒ½ç›®é»’åŒºæ±å±±3-3-8 å¤§æ²¢ãƒ“ãƒ«2éš,35.6509300,139.6840600,,,"https://www.utahiro.com/dcms_media/image/top_2026spring-spot_agepan_w420xh480.webp",,
342,ã‚«ãƒ©ã‚ªã‚±ãƒ«ãƒ¼ãƒ æ­Œåºƒå ´ é§’è¾¼åº—,https://www.utahiro.com/store/storelist/store.php?sid=54,æ±äº¬éƒ½è±Šå³¶åŒºé§’è¾¼1-38-2 é§’è¾¼TRãƒ“ãƒ«7éš,35.7360300,139.7472200,,,"https://www.utahiro.com/dcms_media/image/top_2026spring-spot_agepan_w420xh480.webp",,
343,ã‚«ãƒ©ã‚ªã‚±ãƒ«ãƒ¼ãƒ æ­Œåºƒå ´ äº”åç”°åº—,https://www.utahiro.com/store/storelist/store.php?sid=35,æ±äº¬éƒ½å“å·åŒºæ±äº”åç”°2-2-16 å¯Œä¹…å±‹ãƒ»ãƒ‹ãƒƒã‚«å…±åŒãƒ“ãƒ«5éš,35.6264600,139.7234800,,,"https://www.utahiro.com/dcms_media/image/top_2026spring-spot_agepan_w420xh480.webp",,
344,ã‚«ãƒ©ã‚ªã‚±ãƒ«ãƒ¼ãƒ æ­Œåºƒå ´ æ—¥æš®é‡Œåº—,https://www.utahiro.com/store/storelist/store.php?sid=36,æ±äº¬éƒ½è’å·åŒºæ±æ—¥æš®é‡Œ5-51-12 æ—¥æš®é‡Œå®‰æ°¸ãƒ“ãƒ«6éš,35.7279400,139.7709400,,,"https://www.utahiro.com/dcms_media/image/top_2026spring-spot_agepan_w420xh480.webp",,
345,ã‚«ãƒ©ã‚ªã‚±ãƒ«ãƒ¼ãƒ æ­Œåºƒå ´ å¤§å¡šåº—,https://www.utahiro.com/store/storelist/store.php?sid=37,æ±äº¬éƒ½è±Šå³¶åŒºåŒ—å¤§å¡š2-2-2,35.7312600,139.7284700,,,"https://www.utahiro.com/dcms_media/image/top_2026spring-spot_agepan_w420xh480.webp",,
346,ã‚«ãƒ©ã‚ªã‚±ãƒ«ãƒ¼ãƒ æ­Œåºƒå ´ ç³€è°·é§…å‰åº—,https://www.utahiro.com/store/storelist/store.php?sid=63,æ±äº¬éƒ½å¤§ç”°åŒºè¥¿ç³€è°·4-28-9 é’å’Œç¬¬2ãƒ“ãƒ«6éš,35.5545200,139.7283400,,,"https://www.utahiro.com/dcms_media/image/top_2026spring-spot_agepan_w420xh480.webp",,
347,ã‚«ãƒ©ã‚ªã‚±ãƒ«ãƒ¼ãƒ æ­Œåºƒå ´ å°å²©åº—,https://www.utahiro.com/store/storelist/store.php?sid=64,æ±äº¬éƒ½æ±Ÿæˆ¸å·åŒºè¥¿å°å²©1-21-2 ã‚¸ãƒ£ãƒ¼ãƒˆå°å²©ãƒ“ãƒ«2éš,35.7332600,139.8811100,,,"https://www.utahiro.com/dcms_media/image/top_2026spring-spot_agepan_w420xh480.webp",,
348,ã‚«ãƒ©ã‚ªã‚±ãƒ«ãƒ¼ãƒ æ­Œåºƒå ´ å›½åˆ†å¯ºåº—,https://www.utahiro.com/store/storelist/store.php?sid=65,æ±äº¬éƒ½å›½åˆ†å¯ºå¸‚æœ¬ç”º2-2-12 ã‚³ãƒ ãƒ­ãƒ“ãƒ«2éš,35.6997500,139.4808500,,,"https://www.utahiro.com/dcms_media/image/top_2026spring-spot_agepan_w420xh480.webp",,
349,ã‚«ãƒ©ã‚ªã‚±ãƒ«ãƒ¼ãƒ æ­Œåºƒå ´ ç¶¾ç€¬åº—,https://www.utahiro.com/store/storelist/store.php?sid=66,æ±äº¬éƒ½è‘›é£¾åŒºå°è…4-9-1 ã‚µãƒ‹ãƒ¼å•†äº‹ãƒ“ãƒ«4éš,35.7639400,139.8244600,,,"https://www.utahiro.com/dcms_media/image/top_2026spring-spot_agepan_w420xh480.webp",,
350,ã‚«ãƒ©ã‚ªã‚±ãƒ«ãƒ¼ãƒ æ­Œåºƒå ´ ä»£ã€…æœ¨åº—,https://www.utahiro.com/store/storelist/store.php?sid=67,æ±äº¬éƒ½æ¸‹è°·åŒºä»£ã€…æœ¨1-38-2 ãƒŸãƒ¤ã‚¿ãƒ“ãƒ«ãƒ‡ã‚£ãƒ³ã‚°B1éš,35.6831500,139.7020300,,,"https://www.utahiro.com/dcms_media/image/top_2026spring-spot_agepan_w420xh480.webp",,
351,ã‚¹ãƒšãƒ¼ã‚¹ã‚¯ãƒªã‚¨ã‚¤ãƒˆè‡ªéŠç©ºé–“ ç¥ç”°åŒ—å£åº—,https://jiqoo.jp/shop/kannda,æ±äº¬éƒ½åƒä»£ç”°åŒºé›å†¶ç”º2-9-3,35.6915180,139.7707370,,,"https://jiqoo.jp/wp-content/themes/jiqoo/assets/images/top/gakuwari.png",,
352,ã‚¹ãƒšãƒ¼ã‚¹ã‚¯ãƒªã‚¨ã‚¤ãƒˆè‡ªéŠç©ºé–“ ä¸Šé‡å¾¡å¾’ç”ºåº—,https://jiqoo.jp/shop/ueno-okachimachi,æ±äº¬éƒ½å°æ±åŒºä¸Šé‡4-4-4,35.7089680,139.7736860,,,"https://jiqoo.jp/wp-content/themes/jiqoo/assets/images/top/gakuwari.png",,
353,ã‚¹ãƒšãƒ¼ã‚¹ã‚¯ãƒªã‚¨ã‚¤ãƒˆè‡ªéŠç©ºé–“ æ—¥æš®é‡Œåº—,https://jiqoo.jp/shop/nippori,æ±äº¬éƒ½è’å·åŒºè¥¿æ—¥æš®é‡Œ2-19-7,35.7276060,139.7710130,,,"https://jiqoo.jp/wp-content/themes/jiqoo/assets/images/top/gakuwari.png",,
354,ã‚¹ãƒšãƒ¼ã‚¹ã‚¯ãƒªã‚¨ã‚¤ãƒˆè‡ªéŠç©ºé–“ æ± è¢‹è¥¿å£ROSAåº—,https://jiqoo.jp/shop/ikebukuro-rosa,æ±äº¬éƒ½è±Šå³¶åŒºè¥¿æ± è¢‹1-37-12,35.7323970,139.7092040,,,"https://jiqoo.jp/wp-content/themes/jiqoo/assets/images/top/gakuwari.png",,
355,ã‚¹ãƒšãƒ¼ã‚¹ã‚¯ãƒªã‚¨ã‚¤ãƒˆè‡ªéŠç©ºé–“ å¤§å¡šåº—,https://jiqoo.jp/shop/otsuka,æ±äº¬éƒ½è±Šå³¶åŒºåŒ—å¤§å¡š2-2-2,35.7312600,139.7284700,,,"https://jiqoo.jp/wp-content/themes/jiqoo/assets/images/top/gakuwari.png",,
356,ã‚¹ãƒšãƒ¼ã‚¹ã‚¯ãƒªã‚¨ã‚¤ãƒˆè‡ªéŠç©ºé–“ é«˜ç”°é¦¬å ´åº—,https://jiqoo.jp/shop/takadanobaba,æ±äº¬éƒ½æ–°å®¿åŒºé«˜ç”°é¦¬å ´4-7-5,35.7136010,139.7037220,,,"https://jiqoo.jp/wp-content/themes/jiqoo/assets/images/top/gakuwari.png",,
357,ã‚¹ãƒšãƒ¼ã‚¹ã‚¯ãƒªã‚¨ã‚¤ãƒˆè‡ªéŠç©ºé–“ æ–°å®¿æ­Œèˆä¼ç”ºåº—,https://jiqoo.jp/shop/kabukicho,æ±äº¬éƒ½æ–°å®¿åŒºæ­Œèˆä¼ç”º1-17-10,35.6943560,139.7016150,,,"https://jiqoo.jp/wp-content/themes/jiqoo/assets/images/top/gakuwari.png",,
358,ã‚¹ãƒšãƒ¼ã‚¹ã‚¯ãƒªã‚¨ã‚¤ãƒˆè‡ªéŠç©ºé–“ æ¸‹è°·ã‚»ãƒ³ã‚¿ãƒ¼è¡—åº—,https://jiqoo.jp/shop/shibuya,æ±äº¬éƒ½æ¸‹è°·åŒºå®‡ç”°å·ç”º24-8,35.6619320,139.6993850,,,"https://jiqoo.jp/wp-content/themes/jiqoo/assets/images/top/gakuwari.png",,
359,ã‚¹ãƒšãƒ¼ã‚¹ã‚¯ãƒªã‚¨ã‚¤ãƒˆè‡ªéŠç©ºé–“ ä¸‰è»’èŒ¶å±‹åº—,https://jiqoo.jp/shop/sangenjaya,æ±äº¬éƒ½ä¸–ç”°è°·åŒºä¸‰è»’èŒ¶å±‹2-14-12,35.6439210,139.6688860,,,"https://jiqoo.jp/wp-content/themes/jiqoo/assets/images/top/gakuwari.png",,
360,ã‚¹ãƒšãƒ¼ã‚¹ã‚¯ãƒªã‚¨ã‚¤ãƒˆè‡ªéŠç©ºé–“ ç«‹å·å—å£åº—,https://jiqoo.jp/shop/tachikawa,æ±äº¬éƒ½ç«‹å·å¸‚æŸ´å´ç”º3-6-23,35.6978580,139.4131530,,,"https://jiqoo.jp/wp-content/themes/jiqoo/assets/images/top/gakuwari.png",,
361,ã‚¹ãƒšãƒ¼ã‚¹ã‚¯ãƒªã‚¨ã‚¤ãƒˆè‡ªéŠç©ºé–“ ç”ºç”°é§…å‰åº—,https://jiqoo.jp/shop/machida,æ±äº¬éƒ½ç”ºç”°å¸‚åŸç”ºç”°6-13-17,35.5426830,139.4468210,,,"https://jiqoo.jp/wp-content/themes/jiqoo/assets/images/top/gakuwari.png",,
362,ã‚¹ãƒšãƒ¼ã‚¹ã‚¯ãƒªã‚¨ã‚¤ãƒˆè‡ªéŠç©ºé–“ å‰ç¥¥å¯ºåº—,https://jiqoo.jp/shop/kichijoji,æ±äº¬éƒ½æ­¦è”µé‡å¸‚å‰ç¥¥å¯ºæœ¬ç”º1-8-9,35.7040140,139.5787450,,,"https://jiqoo.jp/wp-content/themes/jiqoo/assets/images/top/gakuwari.png",,
363,DiCE æ± è¢‹åº—,https://www.diskcity.co.jp/shop/ikebukuro/,æ±äº¬éƒ½è±Šå³¶åŒºæ±æ± è¢‹1-11-11 ãƒ›ãƒ¯ã‚¤ãƒˆã‚·ãƒ†ã‚£ãƒ“ãƒ«2-10F,35.7309810,139.7149050,,,"https://www.diskcity.co.jp/wp/wp-content/themes/dice/assets/images/common/logo.png",,
364,DiCE æ± è¢‹åŒ—å£åº—,https://www.diskcity.co.jp/shop/ikebukuro-north/,æ±äº¬éƒ½è±Šå³¶åŒºè¥¿æ± è¢‹1-43-12 ã‚¢ãƒŸãƒ¥ãƒ¼ã‚ºæ± è¢‹ãƒ“ãƒ«2-9F,35.7331890,139.7089930,,,"https://www.diskcity.co.jp/wp/wp-content/themes/dice/assets/images/common/logo.png",,
365,DiCE æ–°å®¿é–å›½é€šã‚Šåº—,https://www.diskcity.co.jp/shop/shinjuku/,æ±äº¬éƒ½æ–°å®¿åŒºæ­Œèˆä¼ç”º1-16-3 ã‚»ãƒ¬ã‚µé™½æ „æ–°å®¿ãƒ“ãƒ«4-7F,35.6946420,139.7017840,,,"https://www.diskcity.co.jp/wp/wp-content/themes/dice/assets/images/common/logo.png",,
366,DiCE æ¸‹è°·ã¡ã¨ã›ä¼šé¤¨åº—,https://www.diskcity.co.jp/shop/shibuya/,æ±äº¬éƒ½æ¸‹è°·åŒºå®‡ç”°å·ç”º13-8 ã¡ã¨ã›ä¼šé¤¨3-6F,35.6611418,139.6985508,,,"https://www.diskcity.co.jp/wp/wp-content/themes/dice/assets/images/common/logo.png",,
367,DiCE è‡ªç”±ãŒä¸˜åº—,https://www.diskcity.co.jp/shop/jiyugaoka/,æ±äº¬éƒ½ç›®é»’åŒºè‡ªç”±ãŒä¸˜2-11-23 å—é¢¨ãƒ“ãƒ«B1-4F,35.6087390,139.6686020,,,"https://www.diskcity.co.jp/wp/wp-content/themes/dice/assets/images/common/logo.png",,
368,DiCE èµ¤ç¾½åº—,https://www.diskcity.co.jp/shop/akabane/,æ±äº¬éƒ½åŒ—åŒºèµ¤ç¾½1-7-9 èµ¤ç¾½ç¬¬ä¸€è‘‰å±±ãƒ“ãƒ«4-6F,35.7776400,139.7209500,,,"https://www.diskcity.co.jp/wp/wp-content/themes/dice/assets/images/common/logo.png",,
369,DiCE å¤§äº•ç”ºåº—,https://www.diskcity.co.jp/shop/oimachi/,æ±äº¬éƒ½å“å·åŒºæ±å¤§äº•5-15-16 KHãƒ“ãƒ«3-7F,35.6079820,139.7347130,,,"https://www.diskcity.co.jp/wp/wp-content/themes/dice/assets/images/common/logo.png",,
370,DiCE ä¸Šé‡åº—,https://www.diskcity.co.jp/shop/ueno/,æ±äº¬éƒ½å°æ±åŒºä¸Šé‡4-2-6 ä¸Šé‡è¥¿ç”°ãƒ“ãƒ«5-9F,35.7087780,139.7739210,,,"https://www.diskcity.co.jp/wp/wp-content/themes/dice/assets/images/common/logo.png",,
371,DiCE ç«‹å·åº—,https://www.diskcity.co.jp/shop/tachikawa/,æ±äº¬éƒ½ç«‹å·å¸‚æ›™ç”º2-7-20 ã‚«ãƒ¡ãƒ¤ãƒ“ãƒ«5-8F,35.6993140,139.4138470,,,"https://www.diskcity.co.jp/wp/wp-content/themes/dice/assets/images/common/logo.png",,
372,DiCE ç”ºç”°åº—,https://www.diskcity.co.jp/shop/machida/,æ±äº¬éƒ½ç”ºç”°å¸‚åŸç”ºç”°6-13-17 ã‚¢ãƒ¼ãƒãƒ³ãƒŸã‚µãƒ¯ãƒ“ãƒ«3-8F,35.5426830,139.4468210,,,"https://www.diskcity.co.jp/wp/wp-content/themes/dice/assets/images/common/logo.png",,
373,ã‚«ã‚¹ã‚¿ãƒã‚«ãƒ•ã‚§ æ­Œèˆä¼ç”ºåº—,https://rakutama.com/shop_kabukicho/,æ±äº¬éƒ½æ–°å®¿åŒºæ­Œèˆä¼ç”º1-21-1 ç¬¬äºŒæ±äºœä¼šé¤¨7F,35.6949870,139.7026400,,,"https://rakutama.com/image/bg/bg_yahoo.png",,
374,ã‚«ã‚¹ã‚¿ãƒã‚«ãƒ•ã‚§ ä¸Šé‡åº—,https://rakutama.com/shop_ueno/,æ±äº¬éƒ½å°æ±åŒºä¸Šé‡6-7-9 ASç¬¬ä¸€ãƒ“ãƒ«6F,35.7098760,139.7762450,,,"https://rakutama.com/image/bg/bg_yahoo.png",,
375,ã‚«ã‚¹ã‚¿ãƒã‚«ãƒ•ã‚§ æ± è¢‹è¥¿å£åº—,https://rakutama.com/shop_ikebukuro/,æ±äº¬éƒ½è±Šå³¶åŒºè¥¿æ± è¢‹1-21-13 å—è›®ãƒ“ãƒ«5F,35.7316520,139.7094860,,,"https://rakutama.com/image/bg/bg_yahoo.png",,
376,ã‚«ã‚¹ã‚¿ãƒã‚«ãƒ•ã‚§ èµ¤å‚åº—,https://rakutama.com/shop_akasaka/,æ±äº¬éƒ½æ¸¯åŒºèµ¤å‚3-13-3 èµ¤å‚ã‚»ãƒ³ãƒˆãƒ©ãƒ«ãƒ“ãƒ«3F,35.6747210,139.7379860,,,"https://rakutama.com/image/bg/bg_yahoo.png",,
377,ã‚«ã‚¹ã‚¿ãƒã‚«ãƒ•ã‚§ å…«é‡æ´²åº—,https://rakutama.com/shop_yaesu/,æ±äº¬éƒ½ä¸­å¤®åŒºå…«é‡æ´²1-7-10 ä»Šäº•ãƒ“ãƒ«3F,35.6811840,139.7708070,,,"https://rakutama.com/image/bg/bg_yahoo.png",,
378,ã‚«ã‚¹ã‚¿ãƒã‚«ãƒ•ã‚§ ç”ºç”°åº—,https://rakutama.com/shop_machida/,æ±äº¬éƒ½ç”ºç”°å¸‚åŸç”ºç”°6-19-15 å¤§æ˜Ÿãƒ“ãƒ«4F,35.5431180,139.4478230,,,"https://rakutama.com/image/bg/bg_yahoo.png",,
379,ã‚«ã‚¹ã‚¿ãƒã‚«ãƒ•ã‚§ ç«‹å·åº—,https://rakutama.com/shop_tachikawa/,æ±äº¬éƒ½ç«‹å·å¸‚æ›™ç”º2-7-20 MAãƒ“ãƒ«6F,35.6993170,139.4138450,,,"https://rakutama.com/image/bg/bg_yahoo.png",,
